3370235865665419224,856,33535,University of Ghent in Belgium divests and cuts ties with Israeli research centers after student mobilization,
3370642948080356608,5,1072,"Indigenous knowledge is how we must move forward to live. 

Repost from @congofriends
â€¢
â€œBasandja centers around ancestral ecology â¬‡ï¸

which is an approach that revives ancient Indigenous knowledge as a practice that advocates for a holistic understanding of, and connection with, the earth.

Here the earth is seen not merely as a repository of material resources but as a holobiont, an ensemble of closely associated species interlinked through complex symbiotic relationships that hold the entirety of life systems in balance.

The story unfolds as a profound journey into the soul of the Isangi community and Tolaw villagers to map an ancient exchange with the forest that spans millennia.â€
.
.
This text is an excerpt from an article that our friends over at @terralingua.langscape published recently.

The article is an excellent exploration of what Basandja looks like in practice, as well as a fantastic behind-the-scenes into the upcoming Basandja film that documents what how indigenous wisdom is being leveraged at the grassroots levelâ€”

from the rainforests to the minesâ€”

to bring about the changes Congolese people need.
.
.
Check out the article at terralingua.org/langscape_articles/basandja/ (or Google â€œterralingua basandjaâ€)

Also be sure to check out the trailer for Basandja at basandjafilm.org.

Congo will be free ğŸ‡¨ğŸ‡©",
3369211250640508542,41,-1,"There is nothing greater than Jewish Joy.  And THIS, right here...THIS is Jewish Joy. â 
â 
Iâ€™m throwing it back to last weekend, celebrating my best friendâ€™s daughterâ€™s bat mitzvah.  My best friend who I met in 6th grade, and  became friends with as media center aids in the 8th grade. (We were in charge of the reference section...swipe all the way â¡ï¸ for proof.) â 
â 
We became friends at the same age our daughters are now. â 
â 
But last weekend, despite all the darkness in the world around us, the light came on and we celebrated BIG TIME. Together with many of our friends from growing up and college, we put all of the Jewish Joy on the table. â 
â 
One of the most special parts about this weekend is that this friend of mine is the one who taught me to appreciate what it means to be Jewish. 

This is a friend who listened to David Broza or Debbie Friedman, while most of us got into our cars in high school and popped in a mixed tape filled with @Phish (or that other band we no longer listen to.)
â 
This is a friend who has more friends who are rabbis than most people have friends (which inherently means I do too...), and that makes us both incredibly #blessed. â 
â 
She instilled in me the value of going to temple, knowing the meaning of the prayers and the importance of surrounding myself with Jewish community.  Ultimately, she was the one who convinced me to go on the trip that changed my life forever, @motlorg.â 
â 
And so celebrating the bat mitzvah my daughter in October and her daughter this past weekend, TOGETHER, has meaning beyond no other. And rght now, there is simply nothing better than a Jewish milestone celebration.  So find yourself a friend whoâ€™s having a bar or bat mitzvah...or one whoâ€™s getting married. â 
â 
You will walk away with your heart filled in a way that I promise will carry you far into the next week and beyond. â 
â 
And do you want to know the best part?  I get to do it all over again in a week...and then again three weeks later.  All with my oldest, dearest and closest of friends from growing up.
â 
We are so damn lucky. #AmYisraelChaiâ 
ğŸ“¸ @lefko76
â 
#barmitzvah #mitzvah #batmitzvah #mazeltov #oldfriendsarethebestfriends #throwbackthursday",
3369530983136868467,42,6176,"4 rolls of film later ğŸï¸ ğŸ‡µğŸ‡° âœˆï¸ 

#minolta #fujifilmxt3",
3362367490796956420,921,74561,"From #ThePierreHotel to the #MetGala, #Shakira looks stunning. ğŸ¤© #LivefromE",
3361517310643328875,17,-1,Welcome to Summer (Florida edition)ğŸ©µ,
3366598172851446995,116,-1,I get to celebrate Motherâ€™s Day thanks to these angels. My favorite people. My heart and souls ğŸ¤ My little crew ğŸ¤ All my smiles and all my purpose ğŸ¤ Happy Motherâ€™s Day ğŸ¤,
3354053072189794186,38,-1,"Wrapped In Love & Anticipation #thefinalstretch before we get to meet the love of our lives â™¥ï¸ğŸ‘¶ğŸ½ 
#mommytobe #motherhood #daddytobe #fatherhood #newchapter #miracleoflife #bumpdate",
3359251782099769804,7,420,"Day late, but the past 12 years with you have been my favorite. This life is just so much better with you in it. Love you Dabe ğŸ¤",
3370047531207223348,51638,4131937,This video make her The Great Khali Dhaba,
3368683648577882071,85,10388,"gym is hardâ€¦ why am i punished for being strong

#fuslie #streamer #gaming",
3368170726892037643,36,3,more hugs soon aa ğŸ«‚,
3356347680413326620,4,3,family of four ğŸ¾,
3366586363335654532,37,424,"Everything I am and continue to strive to be, is because of you ğŸ‘‘

#happymothersday #boymom #momandson",
3369857217361744840,14109,1175019,ğŸ˜±ğŸ˜,
3368770352443991272,8,77,"Amazon has done it again ğŸ©·ğŸ’•âœ¨

ğŸ”— in bio 

@floerns_us #amazonfinds #amazonfashion #amazondeals #amazonmusthaves #amazondress",
3366403561799697483,21,3,"Itâ€™s hard to believe Iâ€™ve been a mom for 23 years. Iâ€™m so grateful for my mother and my beautiful daughters who have grown into such fine loving young women whom I now get to enjoy as friends. Love you mom, char, and currcurr ğŸ’ #happymothersdayâ¤ï¸ #mothersday #motherdaughter ğŸ«¶",
3356274197717634462,3,1476,weekly recap ğŸ·âœˆï¸ğŸ™ï¸ğŸ³ï¸â€ğŸŒˆ,
3358580303349819548,29,289,Life lately âœ¨,
3338447943227597639,246,96598,"Why they are like this ğŸ¤£

#explorepage #celebrity #reels #reelsinstagram #wholesome #kendalljenner #relatable #relatablememes",
3370829233666686610,0,7,×’× ×›×•××‘ ğŸ©¸ ×•×’× ×—×™×™×‘×™× ×œ×”××©×™×š ×œ×—×™×•×ª,Photo by Rochel | ×¨×—×œ in Israel with @hananbenariofficial. May be an illustration of strawberry and text.
3371351367770986481,3,581,"××—×¨×™×š ×”××¤×§×“, ×¢× ×—×™×•×š!

×¦×™×œ×: ×™×•××‘ ×•×•×™×¡",
3369286417996162469,2,71,"Tune in next Tuesday, May 21st at 8PM ET to Dr. Phil Primetime! Dr. Zuhdi Jasser

I will participate in a conversation with Dr. Phil and other thought leaders about whatâ€™s happening in campuses across the United Statesâ€¦and so much more.

To watch the episode you can use this link to find your Merit Street Media Direct TV channel: 

https://www.meritstreetmedia.com/channel-finder/

Or download the Merit + app on any Smart TV or phone to watch Dr. Phil Primetime. 
 
https://www.drphil.com/

After the program airs, you may find clips of the program here:

https://youtube.com/@drphil?si=knFRz_qhMYe4WWRo",
3370797217780357721,1577,21218,"â€œThis is just one case out of 71,000 here in Gaza.â€ Dr. Nasser continues to follow the heartbreaking story of young Muhammad, the innocent boy who mistook a tuna can for a mine.",
3369270961751096281,14,722,"A harassed Jewish elder in Jerusalem. 1917.

The photo, taken by a German officer, bore the caption: â€œa typical Jewish merchant in a Jerusalem street market.â€ 

Source : Imperial War Museum.",
3367590948618541471,6,34,"It was an honor to serve with you and a greater honor to be your friend and get to know you for the short and powerful time you spent here on Earth.
I hope you know that you made my life, and many others, more meaningful and safe. 
I love you and miss each and every one of you. 
Asaf Hamami, 
Omri Ram, 
Jonathan Ken-Dror, 
Roee Negri. 
Your memory will always stay with me ğŸ’”ğŸ‡®ğŸ‡±",
3357968558263396571,13,267,With the cutest bean ğŸ’•,
3367353008865086212,19,182,6 months with Enzo! ğŸ¥ºâ¤ï¸ and his new little teeth.,
3357293945425250797,12,856,"Spend the early afternoon in Columbia City last weekend stv

@thestationcoffeeshop â˜•ï¸ (cafÃ© cola please)
@maakiin for some noodles and soup 
@columbiacitybakery for a ğŸª 

I love that this area is close to home in south Seattle, and there are still places here I haven't been to yet that I will have to check out soon!

ğŸ˜‹ ğŸ˜‹ ğŸ˜‹ 

#kfctravels #kfceats #girlchancaneat #southseattle #visitseattle #thaifood #seattlebreakfast #seattlerestaurants #seattledinner #seattlefoods #seattlefoodie #curiocityseattle #explorewashstate #yelpwashington #columbiacityseattle

Travel guide, where to go and eat in seattle, travel seattle, seattle food blogger, seattle foodie, vietnamese food, landmarks and destinations,  Seattle restaurants, southeast seattle food spots,",
3362035569986396316,18,365,The motherhood journey is not perfect but I wouldnâ€™t trade it for the world. My sweet baby girl and my little family I will protect and cherish until my last breath ğŸ’•,
3369297929187558607,0,1,"#Israel #IsraelUnitedInChrist #Messiah #messianic #messianicjudaism #torah #torahlife #torahstudy #firsttemple #christianity

www.glctv.tv",
3366459584096292380,101,381,"Happy Motherâ€™s Day to my beautiful mom who inspired me to be the woman I am today. Being your daughter is one of lifeâ€™s greatest gifts to me and Iâ€™m forever grateful for the time we had shared together. While 13 years with you wasnâ€™t nearly enough, I donâ€™t think any amount of time wouldâ€™ve been enough with you. 35 years on this Earth was not enough for someone like you. Iâ€™m almost certain that thereâ€™s no one else like you, you were unlike anyone Iâ€™ve ever gotten to know. 35 years and you made such a positive impact on people. I wish you had known the impact you made on everyone and how much everyone misses you. I still get messages from people here and there about you and memories they had with you. Man you were everyoneâ€™s friend ğŸ¤£ and I love that about you. She was a boss and knew it ğŸ’‹. We may have not had forever but I appreciate what you were able to teach me in such a short amount of time. To always be humble never entitled. Show gratitude instead of attitude. Kill them with kindness. To find the light in your darkest hours. Find opportunities if they arenâ€™t presented to you. Be extra because who cares (and Iâ€™m certainly your daughter on that note). Always carry lipgloss in your purse. Check in on the people you love. Make every day count because weâ€™re not promised tomorrow. All that plus more. We made a hell of a team together and will continue to do so! Iâ€™m so grateful we were in the same lifetime together and will always cherish our memories. Youâ€™ve always been my idol and my inspiration to be who I am today. Days like today are harder without you here but I know youâ€™d want us to keep living on for you. You are missed and loved by many. Weâ€™re keeping your memory alive! I love you to the moon and back mom ğŸŒ™ Iâ€™ll be seeing you in my dreams. Rest easy for me ğŸ˜ğŸ¤

@boyziimen 

-KBelle ğŸ’‹",
3366519366004210633,10,431,The best mama / sittee on the ğŸŒlove you.,
3361542576090676509,7,177,"A year ago today, I updated my resume to â€˜One-time Wedding Officiantâ€™
It was an honor, friends! @curlycuecourt @the_real_jstew ğŸ’œ",
3367244709544887485,7,183,"I should go on vacations more. 

1. I love selling merch canâ€™t you tell? Buy posters from us! Shoutout to @noravinet for the photo 
2. Mum and Dad love the skytrain.
3. Bhalla was an excellent tour guide for Toronto, 10/10 experience - he even bought my food.
4. Lake Ontario be huge.
5. Niagara Bucket List âœ…
6. So much water dude, should film lord of the rings here
7. Rainbow!
8. Can you tell Iâ€™m a filmmaker? Look at all that water.
9. Vidur reunion after like 5/6 years. 
10. Man the Canadian Rockies are so beautiful. Also what the hell is that mountain can anyone say?",
3356368812692438681,20,235,"5 years of love, heart, and ohana ğŸ’œ words canâ€™t explain my love for this sport and the HPU ohana. 
#ravout #23 #grandma",
3363004850034686678,18,3,Proverbs 24:13-14 ğŸ¤,
3355180925426038736,865,117040,"Trying to get Chris Tucker to dance to War from Rush Hour ğŸ˜­ğŸ˜­ğŸ˜­ @christucker We Love you Chrisâ€¼ï¸
.
Christucker #rushhour #comedian #hollywood #movie #actor #celebrity",
3368545219844893472,229,11456,Will the @dallasstars advance to the Western Conference Final tonight? ğŸ‘€ #StanleyCup,
3372083800550915587,4,3,"We made it! ğŸ‡®ğŸ‡± So grateful to be back in Israel with a fantastic group of students ğŸ™ŒğŸ’ª

#israel #israeltravel #israeladvocacy #advocacy #zionism #zionist",
3371821664999187701,67,1920,"These women are silently suffering and we need to hold space â¤ï¸â¤ï¸â¤ï¸ Been getting hundreds of messages because of my previous reel, thank you all ğŸ¤ Many people fall in this category and Iâ€™m holding just as much space for youğŸ˜˜ Women, yâ€™all not alone! Praying for miracles all around",
3372566067472393292,5,124,"Fri. 5/31 â€” Help us welcome back Yahya Ashour, young and profound Gazan poet, as he sits in conversation with writer, translator, and UPenn Associate Professor of Arabic Literature, Huda J. Fakhreddine.

The two will talk through Yahyaâ€™s works and life.

A grounding opening poetry reading will be recited by one of our cherished Philly student movement-makers, Nada Abuasi.

This event is a fundraiser to help Yahya directly support his familyâ€™s evacuation costs, and our fundraising goal is $5000 â€” enough to cover only one adultâ€™s fee, for now.

Please pay whatever youâ€™re able to! (No one will be turned away)

ğŸŸï¸ RSVP at link in bio.

ğŸ“ @studio34philly (doors at 8pm, reading starts at 8:30pm)

ğŸŒ¯ light dinner provided by @renatas_kitchen 

Cosponsored by @mizna_arabart âœ¨",
3371042010000556436,7,517,"If you are organizing right now you will be activated, if you're going into this work thinking otherwise you will cause harm.",
3320920885211619989,35478,1214473,My mother was pregnant in the seventh month,
3366431256781486353,10,292,,
3301880558694201534,93,20079,"We need more 

CEASEFIRE NOW","Photo by Saara on February 13, 2024."
3366429979692195278,2,545,These donut flavors are everything and just in time for Spring!,
3341058831263327391,30,5210,Beautiful khimaar from @ykhclothing stunning colour. ğŸ‰,
3365772286941682025,308,96692,"Via: @birenfeslezzet 
Ø¨Ù‚Ú†Ù‡ Ú©Ø±Ù¾ Ù…Ø±ØºğŸ˜
.
.
Ù…ÙˆØ§Ø¯ Ù„Ø§Ø²Ù…:
500 Ú¯Ø±Ù… Ø³ÛŒÙ†Ù‡ Ù…Ø±Øº
1 Ø¹Ø¯Ø¯ Ù¾ÛŒØ§Ø²
2 Ø­Ø¨Ù‡ Ø³ÛŒØ±
1 Ø¹Ø¯Ø¯ ÙÙ„ÙÙ„ Ú©Ø§Ù¾ÛŒØ§ 
1 Ø¹Ø¯Ø¯ ÙÙ„ÙÙ„ Ø³Ø¨Ø² 
2 Ø¹Ø¯Ø¯ Ú¯ÙˆØ¬Ù‡ ÙØ±Ù†Ú¯ÛŒ
1 Ù‚Ø§Ø´Ù‚ ØºØ°Ø§Ø®ÙˆØ±ÛŒ Ø±Ø¨ ÙÙ„ÙÙ„
1 Ù‚Ø§Ø´Ù‚ Ú†Ø§ÛŒØ®ÙˆØ±ÛŒ Ù¾ÙˆØ¯Ø± ÙÙ„ÙÙ„ Ù‚Ø±Ù…Ø²
1 Ù‚Ø§Ø´Ù‚ Ú†Ø§ÛŒØ®ÙˆØ±ÛŒ ÙÙ„ÙÙ„ Ø³ÛŒØ§Ù‡
Ø§ÙˆØ±Ú¯Ø§Ù†Ùˆ
Ù†Ù…Ú©
Ø­Ø¯ÙˆØ¯ 1/2 Ù„ÛŒÙˆØ§Ù† Ø¢Ø¨ Ø¯Ø§Øº
Ø¨Ø±Ø§ÛŒ Ø®Ù…ÛŒØ± Ú©Ø±Ù¾ :
1 Ù„ÛŒÙˆØ§Ù† Ø´ÛŒØ±
1 Ù„ÛŒÙˆØ§Ù† Ø¢Ø¨
2 Ø¹Ø¯Ø¯ ØªØ®Ù… Ù…Ø±Øº
2-3 Ù‚Ø§Ø´Ù‚ ØºØ°Ø§Ø®ÙˆØ±ÛŒ Ø±ÙˆØºÙ†
1.5 Ù„ÛŒÙˆØ§Ù† Ø¢Ø±Ø¯
Ù†Ù…Ú©
Ø¨Ø±Ø§ÛŒ Ø³Ø³ Ø¨Ø´Ø§Ù…Ù„:
1 Ù‚Ø§Ø´Ù‚ ØºØ°Ø§Ø®ÙˆØ±ÛŒ Ú©Ø±Ù‡
3-4 Ù‚Ø§Ø´Ù‚ ØºØ°Ø§Ø®ÙˆØ±ÛŒ Ø±ÙˆØºÙ†
2 Ù‚Ø§Ø´Ù‚ ØºØ°Ø§Ø®ÙˆØ±ÛŒ Ø¢Ø±Ø¯
2 Ù„ÛŒÙˆØ§Ù† Ø´ÛŒØ±
Ù†Ù…Ú©
ÙÙ„ÙÙ„ Ø³ÛŒØ§Ù‡

Ù¾Ù†ÛŒØ± Ù¾ÛŒØªØ²Ø§ 

Ø¯Ø± ÙØ± Ø§Ø² Ù‚Ø¨Ù„ Ú¯Ø±Ù… Ø´Ø¯Ù‡ Ø¨Ø§ Ø¯Ù…Ø§ÛŒ 180 Ø¯Ø±Ø¬Ù‡ ØªØ§ Ø²Ù…Ø§Ù†ÛŒÚ©Ù‡ Ø±ÙˆÛŒ Ù¾Ù†ÛŒØ± Ø¨Ø±Ø´ØªÙ‡ Ø´ÙˆØ¯
.
.
.
.
ØŒ
ØŒ
.
.
@ashpaziy_khalagh",
3359661938651622077,2325,684584,"Whoâ€™s ordering a MECCA for the @canelo fight? ğŸ˜ğŸ”¥

ğŸ° 3999 S Las Vegas Blvd 89119
ğŸ•’ Sunday-Wednesday 8am-12am 
ğŸ•’ Thursday 8am-2am 
ğŸ•’ Friday & Saturday 8am-3am

#lasvegasfood #lasvegas #foodbeast #eeeeeats #burrito #burritos #mexicanfood #carneasada #vegaslocals #bestfood #foodys #devourpower #lasvegaslocal #offthestrip #cheapeats #vegasfood #dailyfoodfeed",
3369194263354236021,2,139,"Hey siri, play Greece by drake ğŸ˜ğŸ‡¬ğŸ‡·",
3373468754305267165,33,35859,"Watermalon & sweet peach dessertsğŸ‰ğŸ‘ Which one would you pick? Comments downğŸ‘‡ğŸ‘‡
.
.
Follow @foodvalleyyy
Follow @foodvalleyyy
Follow @foodvalleyyy
.
.
#food #foodporn #foodie #instafood #foodphotography #foodstagram #yummy #foodblogger #foodlover #instagood #love #delicious #follow #like #healthyfood #homemade #dinner #foodgasm #tasty #photooftheday #foodies #restaurant #cooking #lunch #picoftheday #bhfyp #foodpics #instagram #healthy #chef",
3373006099345108794,83,4929,"ØªØ®ÙŠÙ„ Ø¥Ù„Ù†Ø§ 7 Ø´Ù‡ÙˆØ± Ø¨Ù†Ù‚Ù†Ø¹ Ø§Ù„Ø¹Ø§Ù„Ù… Ø¥Ù†Ù‡ Ø¥Ø­Ù†Ø§ Ù‚Ø§Ø¹Ø¯ÙŠÙ† Ø¨Ù†Ù…ÙˆØª ..ğŸ’”
Just imagine, for 7 months, weâ€™ve been trying to convince the world that weâ€™re dying
By @abdalhkem_abu_riash",
3376326639838093060,35,13162,"Started with base of a mozzarella toastie then added:

Follow @food_finaliity for recipes ğŸ¤

All credit goes to the original owner ğŸ‘‰ @bitta_banging ğŸ’œ

Dm for credit/removal ğŸ’Œ

â€¢ Homemade burger sauce
â€¢ SautÃ©ed onions
â€¢ Burgers with American cheese
â€¢ Crispy smoked bacon
â€¢ Pickles
â€¢ More onions
â€¢ More sauce

#food #foodporn #foodphotography #foodblogger #foodie #dublinfood #dublinfoodblog #dublinfoodie #sandwich #burger #bacon #chef",
3362293324536751648,12,871,"The Chatan 

#ahavaproductions 

-
-
FOR ALL INQUIRIES (347-359-4454)

Vendors 

Dj / entertainment @_ahava_productions_ 
Photography @eric_rohr_studios 
Hall @zemerbanquet 

#jewishwedding  #ahava #onlysimchas#Jewishweddinghall #simchaspotted #simcha #jewishweddings #chuppah #jewishart #jewishweddingplanner #jewish #jewishhome #simchaspot #ahavaproductions #jewishsimchas #dj #brooklyn #jewishdj #weddingceremony #weddingceremonydecor #weddingceremonyideas #weddingceremonyflowers #ceremonydecor #ceremonyflowers #weddingflowers #weddingflorals #ceremonyarch",
3373807969464044445,28,3,"hokkaido soft serve @indigo_cow ğŸ¦
ğŸ“Seattle, WA

This spot serves one thing and one thing only: soft serve made with milk from Hokkaido, Japan! Itâ€™s so creamy, light, and perfect for hot summer days

ğŸ“ŒSAVE and SHARE this with someone you want to eat soft serve with 

follow @priyas_plates for more unique eats :)",
3315039933772569397,48,26107,"Which one would you like to pick? 1 or 2? 
 ğŸ¥ creditor: @thenaughtyfork

ğŸ‘‰ğŸ‘‰ Follow @cookbook_com for daily food content 

 â¤ï¸Like & Share with your friends

 #foodart #foodpornography #foodlove #fastfoodjunkie #fastfoodporn #fastfoodlife #foodstyling  #foodporn
 #fastfoodnation #fastfood #fastfoods #junkfood #eat #eating#foodstagram #foodlover #foodpics #foodlovers #food #foodphotography #fooddelicious

.
.
ğŸ“ŒAll credit ğŸ“¸ goes to the respective owner of the pic . If there are any copyright issues please dm us for credit/removal ğŸ“©",
3363214511824393105,16,1088,"â€œO Allah, I seek refuge in You from the injustice of rulers & from the evil of the One who exercises power.â€
â€Ø§Ù„Ù„Ù‘ÙÙ‡ÙÙ…Ù‘Ù Ø¥ÙÙ†Ù‘ÙÙŠ Ø£ÙØ¹ÙÙˆØ°Ù Ø¨ÙÙƒÙ Ù…ÙÙ†Ù’ Ø¸ÙÙ„Ù’Ù…Ù Ø§Ù„Ù’Ù…ÙÙ„Ù’ÙƒÙØŒ ÙˆÙÙ…ÙÙ†Ù’ Ø´ÙØ±Ù‘Ù Ø§Ù„Ù’Ù‚ÙÙ‡Ù‘ÙØ§Ø±Ù
Allahumma inni aâ€™udhu bika min dhulmil-mulk, wa min sharri al-qahhar.

DO NOT LOSE HOPE! ğŸ‡µğŸ‡¸ğŸ‰âœŠ

Keep praying, keep posting, keep educating.

#humanityfirst #speakup #prayfortheummah #prayerssrepowerful #duaispowerful #dontgiveup #savetheopressed #allahshelpisnear",
3252031598999261886,39,50797,"Succulent & Easy-to-make pasta ğŸ

ğŸ¥: @joandbart

Follow @recxipes for moreğŸ

Ingredients (for 2):

-A drizzle of olive oil
-3 cloves of garlic
-1 shallot
-2 tbsp tomato paste
-spices : salt, pepper, pili-pili, parsley
-Ã  bit of pasta cooking water
-double cream - 100 ml
-uncooked rigatoni- 200g
-100g mozzarella (less or more depending on your taste)
-Basil for the topping

Instructions:

â€¢Brown garlic and shallots in olive oil.

â€¢Add the tomato paste and spices. Stir.

â€¢Add pasta cooking water, cream and stir.

â€¢Add the cooked pasta and stir.

â€¢Add the mozzarella and stir.

â€¢Itâ€™s ready and you can add mozzarella as you like and top with basil.â€¨â€¨â€¢if you want the sauce to be more homogeneous you can add butter and stir again

Bon appÃ©tit !",
3360433294913162119,226,6261,"â˜ºï¸BekleyiÅŸ bitti :) DoÄŸumdan sonra en Ã§ok yemek istediÄŸiniz yemek hangisi olmuÅŸtu? 

#emzirme #emzirmedanÄ±ÅŸmanÄ± #lohusa #bebeÄŸim",
3366652417849438707,7,2080,From the Oxford Liberated Zone ğŸ‡µğŸ‡¸ No rest till Oxford divests.,
3372608513568940551,56,27856,"1 or 2!? Which one your favorite?ğŸ˜‹

STAY WITH US FOR MORE ğŸ¤¤

BY ğŸ¥ @dusha.berry (Credit goes to the rightful owner)

Dm: credit/removal please ğŸ’Œ

#cheesecake #cake #dessert #chocolate #foodporn #food #foodie #yummy #homemade #desserts #instafood #brownies #foodphotography #delicious #cakes #baking #sweet #cheese #cookies #cheesecakelovers #cupcakes #usa #foodstagram #bakery #strawberry #chocolatecake #unitedstates #american #coffee #foodblogger",
3370551417680682132,28,7012,"Ú©ÙˆÙØªÙ‡ Ù…Ø±Øº 

Ù…ÙˆØ§Ø¯ Ù„Ø§Ø²Ù…:
2 ØªÚ©Ù‡ Ø³ÛŒÙ†Ù‡ Ù…Ø±Øº
1 Ù…Ø´Øª Ø¬Ø¹ÙØ±ÛŒ Ø®Ø±Ø¯ Ø´Ø¯Ù‡
4_3 Ù‚Ø§Ø´Ù‚ ØºØ°Ø§Ø®ÙˆØ±ÛŒ Ø¢Ø±Ø¯ Ø³ÙˆØ®Ø§Ø±ÛŒ
1 Ù‚Ø§Ø´Ù‚ Ù…Ø±Ø¨Ø§Ø®ÙˆØ±ÛŒ Ù†Ù…Ú©
1 Ù‚Ø§Ø´Ù‚ Ù…Ø±Ø¨Ø§Ø®ÙˆØ±ÛŒ Ù¾ÙˆØ¯Ø± Ø³ÛŒØ±(ÛŒÚ© Ø¯Ùˆ Ø­Ø¨Ù‡ Ø³ÛŒØ± Ø±Ù†Ø¯Ù‡ Ø´Ø¯Ù‡ Ù‡Ù… Ù…ÛŒØ´Ù‡)
1 Ù‚Ø§Ø´Ù‚ Ú†Ø§ÛŒ Ø®ÙˆØ±ÛŒ ÙÙ„ÙÙ„ Ø³ÛŒØ§Ù‡
1 Ù‚Ø§Ø´Ù‚ Ú†Ø§ÛŒ Ø®ÙˆØ±ÛŒ Ø¢ÙˆÛŒØ´Ù†
1 Ù‚Ø§Ø´Ù‚ Ú†Ø§ÛŒ Ø®ÙˆØ±ÛŒ Ù¾ÙˆØ¯Ø± ÙÙ„ÙÙ„ Ù‚Ø±Ù…Ø²
1 Ø¹Ø¯Ø¯ ÙÙ„ÙÙ„ Ú©Ø§Ù¾ÛŒØ§ÛŒ Ù‚Ø±Ù…Ø² Ø±ÛŒØ² Ø®Ø±Ø¯ Ø´Ø¯Ù‡
2_1 Ø¹Ø¯Ø¯ ÙÙ„ÙÙ„ Ø³Ø¨Ø² Ø±ÛŒØ² Ø®Ø±Ø¯ Ø´Ø¯Ù‡
1 Ø¹Ø¯Ø¯ Ù¾ÛŒØ§Ø² Ù‚Ø±Ù…Ø² Ø±ÛŒØ² Ø®Ø±Ø¯ Ø´Ø¯Ù‡
4_3 Ù‚Ø§Ø´Ù‚ ØºØ°Ø§Ø®ÙˆØ±ÛŒ Ø±ÙˆØºÙ† Ù…Ø§ÛŒØ¹

Ø·Ø±Ø² ØªÙ‡ÛŒÙ‡ :
Ù…Ø±Ø¹ Ùˆ Ø¬Ø¹ÙØ±ÛŒ Ø±Ø§ Ø¯Ø§Ø®Ù„ ØºØ°Ø§Ø³Ø§Ø² Ù…ÛŒÚ©Ø³ Ú©Ù†ÛŒØ¯ Ùˆ Ø¯Ø§Ø®Ù„ Ø¸Ø±ÙÛŒ Ø¨Ø±ÛŒØ²ÛŒØ¯. Ø¢Ø±Ø¯ Ø³ÙˆØ®Ø§Ø±ÛŒ ØŒ Ù†Ù…Ú© Ùˆ Ø§Ø¯ÙˆÛŒÙ‡ Ù‡Ø§ØŒ Ù¾ÛŒØ§Ø² Ùˆ ÙÙ„ÙÙ„â€ŒÙ‡Ø§ÛŒ Ø®Ø±Ø¯ Ø´Ø¯Ù‡ Ùˆ Ø±ÙˆØºÙ† Ù…Ø§ÛŒØ¹ Ø±Ø§ Ø§Ø¶Ø§ÙÙ‡ Ú©Ù†ÛŒØ¯ Ùˆ Ø®ÙˆØ¨ ÙˆØ±Ø² Ø¯Ù‡ÛŒØ¯. Ø±ÙˆÛŒ Ø·Ø±Ù Ø±Ø§ Ø¨Ù¾ÙˆØ´Ø§Ù†ÛŒØ¯ Ùˆ 1 Ø³Ø§Ø¹Øª Ø¯Ø± ÛŒØ®Ú†Ø§Ù„ Ø¨Ø°Ø§Ø±ÛŒØ¯. Ø³Ù¾Ø³ Ø¨ÛŒØ±ÙˆÙ† Ø¢ÙˆØ±Ø¯Ù‡ Ùˆ Ø¯Ø§Ø®Ù„ Ø±ÙˆØºÙ† Ø¯Ø§Øº Ù¾Ø´Øª Ùˆ Ø±Ùˆ Ø®ÙˆØ¨ Ø³Ø±Ø® Ú©Ù†ÛŒØ¯. 
Ø¯ÙˆØ³Øª Ø¯Ø§Ø´ØªÛŒÙ†ØŸ

â€Credit :Â @ozgul.mutfakta â¤
@banooye_binazir",
3343114529641002512,156,7567,"×¡×œ××•×Ÿ ×©×œ× ×˜×¨×™ ××¤×•×™ ×‘×ª× ×•×¨, ×× ×” ×¡×•×¤×¨ ×—×’×™×’×™×ª ×‘×›×œ×•× ×•×©×•× ×“×‘×¨ ×¢×‘×•×“×”!! ×©×‘×•×¢ ×©×¢×‘×¨ ×§×¤×¦×ª×™ ×œ×—×¦×™ ×—×™× × ×•××××œ×”×” ××™×–×” ××‘×¦×¢×™× ×©×•×•×™× ×™×© ×œ×—×’ğŸ˜± ×¡×œ××•×Ÿ × ×•×¨×‘×’×™ ×˜×¨×™ ×‘ 89.90 ×œ×§×´×’, ×›×ª×£ ×›×‘×© ×˜×¨×™ ×‘ 89.90 ×œ×§×´×’, ×× ×˜×¨×™×§×•×˜ ×˜×¨×™ ×‘ 99 ×©×— ×•×¢×•×“ ×”××•×Ÿ..×˜×•×¡×• ×œ×©× ×•×“×‘×¨×• ××™×ª×™ ××—×¨×™ğŸ¤­
×œ××ª×›×•×ŸğŸ‘‡ğŸ‘‡
.

×”××¨×›×™×‘×™×:
× ×ª×— ×¡×œ××•×Ÿ ×˜×¨×™ ×©×œ×
5-6 ×™×— ×ª×¤×•×—×™ ××“××” ×©×˜×•×¤×™× ×‘×§×œ×™×¤×ª×
×›×¤×™×ª ×¦×³×™×œ×™ ×’×¨×•×¡
×›×¤×™×ª ×©×˜×•×—×” ××œ×— ×™× ××˜×œ× ×˜×™/××—×¨
×—×¦×™ ×›×¤×™×ª ×¤×œ×¤×œ ×©×—×•×¨ 
4 ×›×¤×•×ª ×©××Ÿ ×–×™×ª

×œ×¨×•×˜×‘:
×¨×‘×¢ ×¦×¨×•×¨ ×›×•×¡×‘×¨×” ×§×¦×•×¥
×¨×‘×¢ ×¦×¨×•×¨ ×¤×˜×¨×•×–×™×œ×™×” ×§×¦×•×¥ 
3 ×©×™× ×™×™ ×©×•× ××’×•×¨×“×•×ª
2 ×›×¤×•×ª ×©×§×“×™× ×˜×—×•× ×™×
×›×£ ×•×—×¦×™ ××™×•× ×–
×›×¤×™×ª ×—×¨×“×œ ×“×™×–×³×•×Ÿ
×›×£ ×¦×³×™×œ×™ ×’×¨×•×¡ ×—×¨×™×£/××ª×•×§
2 ×›×¤×•×ª ×¡×™×œ××Ÿ ×˜×‘×¢×™
×œ×™××•×Ÿ ×©×œ× ×¡×—×•×˜
2 ×›×¤×•×ª ×©××Ÿ ×–×™×ª
×›×¤×™×ª ××œ×— (×œ×¤×™ ×˜×¢×)

××•×¤×Ÿ ×”×”×›× ×”:
××—×××™× ×ª× ×•×¨ ×œ 220 ××¢×œ×•×ª ×—×•× ×¡×˜×˜×™
×¤×•×¨×¡×™× ××ª ×ª×¤×•×—×™ ×”××“××” ×‘×× ×“×•×œ×™× ×”/×¡×›×™×Ÿ ×œ×¤×¨×•×¡×•×ª ×“×§×•×ª.
××¢×‘×™×¨×™× ×œ×§×¢×¨×” ×•××ª×‘×œ×™× ×‘××œ×—,×¤×œ×¤×œ, ×¦×³×™×œ×™ ×•×©××Ÿ ×–×™×ª.
××¢×¨×‘×‘×™× ×”×™×˜×‘ ×•××¢×‘×™×¨×™× ×œ×ª×‘× ×™×ª ×”×ª× ×•×¨.
×‘×¢×–×¨×ª ×”×™×“×™×™× ××©×˜×—×™× ×œ×©×›×‘×” ××—×™×“×”.
.
×—×•×¨×¦×™× ××ª ×¤×™×œ×” ×”×¡×œ××•×Ÿ ×‘××œ×›×¡×•× ×™×.
×× ×™×—×™× ××ª ×›×œ ××¨×›×™×‘×™ ×”×¨×•×˜×‘ ×‘×§×¢×¨×” ×•××¢×¨×‘×‘×™× ×”×™×˜×‘.
××•×¨×—×™× ××ª ×”× ×ª×— ×‘×¨×•×˜×‘ ×•××§×¤×™×“×™× ×œ×”×›× ×™×¡ ×‘×™×Ÿ ×”×—×¨×™×¦×™×.
××•×¨×—×™× ×’× ××ª ×ª×¤×•×—×™ ×”××“××”.
××›× ×™×¡×™× ×œ×ª× ×•×¨ ×œ 25 ×“×§×•×ª ×‘×¢×¨×š ××• ×¢×“ ×©×”× ×ª×— ××•×›×Ÿ ×•×”×–×”×™×‘.
×¤×¨×¡×•× ×‘×©×™×ª×•×£ @hazihinam 
#×¡×œ××•×Ÿ #×¤×¡×— #××ª×›×•×Ÿ #×˜×¢×™× #××™× ×¡×˜×’×¨× #×™×©×¨××œ #fish #salmon #foodblogger",
3375441761196665428,3506,243558,Good Morning.. #street #bike,
3314213410416794829,128,27914,"jummah reminder: weâ€™re 9 days away from ramadan.

time to reflect on what habits we can begin to correct now to best align ourselves with whatâ€™s expected of us in the Holy month.

set your personal goals, no matter how impossible it may feel, nothing is impossible for Him.

this quote is deeply resonating with my clock app community, maybe itâ€™ll resonate with you too!

p.s. PLEASE make sincere dua for our martyrs ğŸ’” ya Allah we only have you to answer our prayers.

#ramadan #ramadanprep #ramadan2024 #ramadankareem #hijab #hijabstyle #hijabootd",
3377422711515987844,55,9615,Yes this was at 4 month of pregnancy ğŸ˜…ğŸ¤·â€â™€ï¸Cannes definitely made me lose lots of weight and I was bigger before than now at 5 month hahaha,
3366402792455224918,322,11549,Happy Motherâ€™s Day to all the moms out there â€” including these amazing ladies ğŸ¥°,
3375821649408033209,264,4915,"Entbindungstermin: 25.05.2024 ğŸ’—ğŸ¤°ğŸ¼ 
â€¢ 40 Wochen Schwanger ğŸ¤
-
-
-
-
-
-
-
-
-
-
-
-
-
-
-
- 
-
-
-
- 
-
-
-
#love #life  #smile #plussize #bloggermom #neuwied #koblenz #momlife #mam #curvy  #fuÌˆrdich #mutterliebe #foryou #fuÌˆrdich #mami #loveyourself  #mamaaltag #mamaleben #foryou #fÃ¼rdichseite #mamablogger #plussizefashion #plussizeblogger #happy #schwanger #baby2024 #schwangerschaft",
3364906957996844605,522,218515,"SOSIS BUMBU

Jajan sosis yang dilumuri bumbu super buket. Bikin ngiler aja nih",
3204281645687523126,201,41245,Tackling this game one snack at a time ğŸˆğŸ¥¨ğŸ˜‹,
3320056321935876370,92,3,"ğŸ§‹NEW BOBA ALERTğŸ§‹

Fresh off the plane from Taiwan, @comebuytea_seattle is the newest boba shop in town. Their Teapresso Machines brew a fresh cup of tea for every order, meaning youâ€™re not drinking tea thatâ€™s been sitting for hours! Watching the steam and noise of each drink being made was like being in Willy Wonkaâ€™s factory. 

This is only the second ComeBuyTea location in the USA, so ğŸ“Capitol Hill should feel pretty special! I strongly recommend ordering a tea based drink, like their Hong Kong Milk Tea or the Sun Moon Lake Black Tea. Iâ€™m not sure what they put in their waffle batter, but you absolutely cannot miss it. The mango waffle was the highlight for me, and Iâ€™m intrigued by the corn & ham waffle. Add ComeBuyTea to your list of favorite boba shops to hit before a night out in Capitol Hill ğŸ˜‰ğŸ’Œ",
3373794666724908458,6199,14584,"4 months of progress - comment or DM â€œscheduleâ€ for my workout schedule ğŸ¤

consistent sloppy action will always beat â€œonce in a whileâ€ perfection

I used to think that unless the workout was 30+ minutes, it â€œdoesnâ€™t countâ€ - so as I entered the world of motherhood, it became harder and harder to feel like I was accomplishing something as my time for me became less and less. 

Now being a mom of 2 I can proudly say that I have recognized that consistent short, or even easy workout sessions have CARRIED me to my goals. 

Of course every once in a while I have more time available to me, but as a general rule I now know that even if the workout is 10 minutes or â€œjust a stretchâ€, itâ€™s contributing to my consistency streak.

If youâ€™re a few weeks or even a few months into your journey and you feel like youâ€™ve been consistent but havenâ€™t seen any changes, donâ€™t stop because itâ€™s â€œnot workingâ€, keep going and adjust to your personal needs. 

You WILL reach your goals. 

Hereâ€™s what you can do step by step:
1. Make a mental note of your set workout time (Monday- Friday), and create a backup time for the days something comes up to change your schedule 
2. Comment or DM â€œscheduleâ€ so you have my exact momday to Friday schedule to follow so youâ€™re never guessing what workout to do
3. Set a goal of at least 2 weeks of consistency, even if it means swapping out the scheduled workout for a short stretch. Make that streak happen ğŸ‘ğŸ½
4. Join our accountability calls on growwithjo home to ignite your motivation, ask questions, learn more about how to customize your nutrition, and feel less alone. 

I know life is crazy and youâ€™ve tried this many times before. 

This is your opportunity to do things differently and finally get consistent. 

#motivation #weightloss #transformation",
3376856594242102000,548,237162,Yesterday was a dream ğŸ¤ thank you @isabelalysa for the most beautiful bridal shower and to everyone who made the day so special!!!,
3370159183789543879,5996,3,"Worldâ€™s shortest woman, Jyoti Amge, stands tall beside The Great Khali, proving that greatness comes in all sizes

ğŸ“¸:- @thegreatkhali 

#khali #jyoti #sr",
3246234691505554414,898,39444,8 days of hell will change ya #specialforces,
3376573847837462364,40,863,"âœ¨Somatic Face Massage ğŸ™Œ

- releases emotional blockages
- improves facial posture
- relieves TMJ pain
- increases blood circulation
- improves Qi flow aka life force energy 
- reduces inflammation
- promotes a natural â€œnon-surgicalâ€ facelift
- relieves tension headaches
- relaxes deep seated tension + micro muscle spams 
- improves skin texture & health
- brightens skin complexion

ğŸ“MIAMI, FL 

âœ¨ Booking link in bio âœ¨",
3376472796526031925,44,562,"MOTIVATION for you! ğŸ’ªğŸ½

The first picture was in the middle of my weight loss journey after my second baby the second was today. 

Not only seeing improvement in my tummy but muscle growth and toning overall especially in my legs. 
My starting weight after baby in November 2023 was  79 kg or 174 lbs, in the first picture (3 months pp) I was down to 69 kg or 147lbs and today (7 months pp) is 59kg or 130 lbs. 

Comment below what are you struggling most with after giving birth ğŸ‘‡ğŸ¼
.
.
.
.
#momoftwo #mom #weightloss #weightlossjourney #transformation #motivation #fit #fitnessmotivation #fitness #postpartum #fyp",
3366528675959658490,61,7972,"happy motherâ€™s day! i feel like moms shouldnâ€™t have to pay taxes lol. p.s. to all the moms out there, I love you and hope you get some alone quiet time today ğŸ£ğŸŒ·ğŸ’›",
3369212010548504649,839,412250,"â¤ï¸ ""Give someone so much love that they donâ€™t feel the pain."" Watching this dad gently distract his baby during a vaccine shot is the perfect example. His tender care kept his little one calm and smiling, barely noticing the needle.

This is love in its purest formâ€”making tough moments a little easier with a whole lot of heart. ğŸŒŸ

Follow ğŸ‘‰ @the_millionaire_drive for more!

Video - @drfreddeliberador @drajuongarattodeliberador

-
#ParentingWin #DadAndBaby #VaccineDay #LoveHeals #TenderMoments #FamilyLove #Heartwarming

Follow ğŸ‘‰ @the_millionaire_drive for more!",
3376555157883124065,46,3954,"Life in the fast lane ğŸï¸ğŸ

#sellingsunset #sellingtheoc #jasonoppenheim #oppenheimgroup #realestate #losangeles #sellingtheoc #maryfitzgerald #netflixsellingsunset #luxurylifestyle #real estate #losangeles #realtor #instagram #tvshow #monacograndprix",
3372197936489739166,50,974,"â­ï¸ Swipe for 2 looks this weekend!

ğŸ’› Emceeing my friendsâ€™ wedding ğŸ¥¹

ğŸ”ï¸ Hiking with the bride before the ceremony ğŸ¥°

#tvmeteorologist #weddingguestdress",
3366380730693809594,17,730,The ones that made me a mom ğŸ’™ğŸ’™ğŸ’™,
3377509068443457795,17,6154,"MDW with the fam ğŸ«¶ğŸ¼ğŸ‡ºğŸ‡¸ğŸš¤

@cailaquinn @nickburrello @ethan.g.diamond",
3365719429106139047,8882,827638,"Woahhhhh! ğŸ¤¯ 

#fy #fyp #foryou #foryoupage #wow #woah #lifehacks #hack #cooking #amazed  #mindblown #explore #explorepage #instadaily #instagood #pizza #pizzalover #pizzatime #mom #moms #momlife",
3373248917350641601,136,104982,"Happy birthday to the best husband in the world. I remember when we were little girls we used to come up with a â€œdream listâ€ for our future partners and when I say Asa has exceeded anything little or current me could have ever dreamt up, I mean it. He is the best in every way and deserves all the love today on his birthday â¤ï¸",
3371356986645528816,5,3,"Amal&mutaz
.
.
.
.
.
.
.
.
.
.
.
.
.
.
.
.
.
.
.
.
#Ø­Ù†Ø§Ø¡_Ø¹Ø±ÙˆØ³ #photography #photoshoot #wedding #party #buetygirl #model #canonphoto #canon 
@amal_abu28",
3366298587204546599,86,824,"Wishing all the incredible moms a Happy Motherâ€™s Day! ğŸŒ·

#motherhood #mothersday",
3363806181989888930,25,3,Hi!,
3322298982552867488,33308,4521206,"3 min en scÃ¨ne VS 3 semaines de travail ğŸ¥µ

En arrivant Ã  lâ€™ @opera_comique jâ€™avais comme mission de trouver comment vieillir les deux solistes sur scÃ¨ne Ã  vue, lâ€™idÃ©e Ã©tait que plus le temps passe, plus les cheveux et poils poussent.
Il fallait trouver un moyen simple pour quâ€™ils puissent se mettre les perruques et postiches seuls sous le regard du public. AprÃ¨s beaucoup de rÃ©flexion et sous les conseils dâ€™ @amelie_lecul , nous avons optÃ© pour le systÃ¨me Ã  aimants. Chaque Ã©lÃ©ment vient sâ€™aimanter Ã  lâ€™autre de maniÃ¨re trÃ¨s simple. 
Mais, pour que tout soit simple visuellement, on sâ€™est heurtÃ© Ã  beaucoup de questionnements : Comment placer les aimants ? Combien ? Comment faire la jonction entre chaque postiche ? ..

Il a fallut 3 semaines de travail en atelier pour fabriquer ces Ã©lÃ©ments de vieillissement. Chaque perruque et postiches ont Ã©tÃ© fabriquÃ©s sur mesure pour notre soliste @stephane.degout, les couleurs ont Ã©tÃ© minutieusement rÃ©flÃ©chies, la coupe Ã©galement, tout a Ã©tÃ© pensÃ© pour quâ€™il puisse le plus simplement poser ces Ã©lÃ©ments sur lui, sans miroir. 

Un grand merci Ã  mon Ã©quipe dâ€™atelier, sans qui rien aurait Ã©tÃ© possible ! âœ¨
Perruque : @deborahwigmaker 
Barbe 1 :  @nell_cvr 
Toupet court : @artist_wig 
Barbe 2 : @corinne.blot.mua 
Toupet long : @charlenewigmakeup_ 
Barbe 3 : @___nnine___ 

Sans oublier @wysi_wig qui sâ€™est occupÃ© des postiches de @siobhanstagg, merci pour ton travail ğŸ«¶ğŸ»

Lâ€™autre Voyage de Schubert
Direction musicale RaphaÃ«l Pichon â€¢ Mise en scÃ¨ne et dÃ©cors Silvia Costa â€¢ Costumes Laura Dondoli â€¢ Avec StÃ©phane Degout, Siobhan Stagg, Laurence Kilsby, Chadi Lazreq â€¢ Orchestre et ChÅ“ur Pygmalion â€¢ ChÅ“ur dâ€™enfants MaÃ®trise Populaire de lâ€™OpÃ©ra-Comique",
3364467238675298113,10,3,ğŸ¤MIRELğŸ¤,
3374321684486860576,0,12,"Absolutely breathtaking #rhinefalls ğŸ‡¨ğŸ‡­
Even on a heavy rainy day, drenched to the skin, I don't regret visiting. Has been an experience ğŸŒŠ",
3369523411654250468,12,60,"My heart has been melting for maternity sessions lately, and these two REALLY REASSURED ME OF IT. LIKE CMON. THEY ARE SO CUTE. ğŸ˜­ğŸ¥²ğŸ˜

Ellie and Anthony have one of the most incredible stories. They first met at the church they both attended, but they did not bond until later. During 2018, their young adults group went on a mission trip to the Dominican Republic to work with children who had HIV/AIDS. And guess who both went ğŸ˜‰

When they first arrived, it was the same as usual, they didnâ€™t really talk. Fast forward to the last few days of the trip, they finally connected. And man, that connection was STRONG, because the rest was historyâ€¦ They stayed up as a group late into the night where Ellie and Anthony got to talk in depth for the first time ğŸ¥°

Their very first date was in Princeton. Sushi date plus walking around equals a perfect night, right?! Like thatâ€™s definitely my vision of a perfect night! ğŸ£ğŸ˜ Even though Ellie grew up in Princeton, that was Anthonyâ€™s first time ever going. Ellie showed him the best ice cream, Halo Pub, and then showed him around the beautiful university. Fast forward 5 years, they got married in Princeton ğŸ¥¹

Along with Princeton being their favorite spot ever, their favorite drink to get together is some good ole kung fu tea. I mean now Iâ€™m craving milk tea ;,) Some fun facts about them is that Anthony likes laying on the floor, while Ellie likes to eat bananas while theyâ€™re still green. Theyâ€™re iconic, these two. â˜ºï¸ Along with their special quirks together, they have a secret handshake. I donâ€™t think itâ€™s possible for them to be cuterâ€¦

These two wanted to capture the joy of welcoming their daughter into this world. They got married in August 2023, and are now ecstatic to bring their precious daughter into the world, any day now. It was an absolute joy sharing these moments with them. May God bless them on their new journey together with their daughter. I truly feel like Godâ€™s love shines off these two, and I am so honored to share these precious photos. ğŸ¥¹",
3316017076311969441,70,11479,"Feet positioning = target different part of your QUADS! ğŸ¦µğŸ» 

-ğŸ¦¶ğŸ» pointing inwards = outer quads
-ğŸ¦¶ğŸ»pointing outwards = inner quads

.
.
.
#legworkout #legsworkout #howto #tutorials #workoutvideos #workouttips #legdayworkout #quadworkout #quadsworkout #workoutvideo",
3337701166720668995,9,218606,å°æ¹¾ã§ä¸€ç•ªç¾å‘³ã—ã„ã‹ãæ°·ã¨æ—¥æœ¬ã§ä¸€ç•ªãƒˆãƒ¬ãƒ³ãƒ‰ã®æ›²ğŸ§ğŸ§,
