media_id,comment_count,like_count,caption_text,accessibility_caption,taken_at,Translated caption_text
3350608950220382835,54,8144,âœŠğŸ»âœŠğŸ¼âœŠğŸ¾âœŠğŸ¿,"Photo by Omar Kbiri on April 20, 2024. May be a graphic of poster and text that says 'IFYOUARE NEUTRAL IN SITUATIONS OF INJUSTICE Î¼Î¿Ï… HAVE CHOSEN THE SIDE THE OPPRESSOR. DESMOND TUTU'.",2024-04-20 13:08:54-0700,
3359599892253801478,79,985,"Shabbat Shalom, my beautiful beautiful people!!! Be strong and courageous. ....Am Israel!!! ğŸ’™âœ¡ï¸ğŸ’™ğŸ‡®ğŸ‡± what's your plans this Shabbat?

#shabbat 
#shabbatshalom","Photo by Ramon Dennis on May 02, 2024. May be an image of text that says 'y à¶œ HABBA B 1 SHALOM KLOM'.",2024-05-02 22:52:18-0700,"Shabbat Shalom, my beautiful beautiful people!!! Be strong and courageous. ....Am Israel!!! ğŸ’™âœ¡ï¸ğŸ’™ğŸ‡®ğŸ‡± what's your plans this Shabbat?

#shabbat 
#shabbatshalom"
3344071835354993583,613,29494,"This week, my great-grandma, Lily Ebert, a 100-year-old Auschwitz survivor, became a great-great-grandma.

â€œI never expected to survive the Holocaust. Now I have five beautiful generations. The Nazis did not win!â€

From near-death at Auschwitz to five generations of Jewish life.

#MazalTov #AmYisraelChai

Source: @dovforman","Photo shared by Humans of Judaism on April 11, 2024 tagging @dovforman. May be an image of 2 people, baby, turban and head covering.",2024-04-11 12:40:49-0700,"This week, my great-grandma, Lily Ebert, a 100-year-old Auschwitz survivor, became a great-great-grandma.

â€œI never expected to survive the Holocaust. Now I have five beautiful generations. The Nazis did not win!â€

From near-death at Auschwitz to five generations of Jewish life.

#MazalTov #AmYisraelChai

Source: @dovforman"
3376123371383189951,485,7040,Thoughts on thisğŸ’§,"Photo by Astronomy on May 25, 2024. May be an image of map, globe, poster, magazine, body of water and text that says 'All of Earth's water in a single sphere The World's Water'.",2024-05-25 18:01:30-0700,Thoughts on thisğŸ’§
3360595334382665238,621,210397,"ğŸ¥ @agababadoner

Karadut Åerbetinin YapÄ±lÄ±ÅŸÄ±nÄ± NasÄ±l Buldunuz ?DoÄŸal ve ferahlatÄ±cÄ± bir karadut ÅŸerbetiyle yanÄ±nda sÄ±cacÄ±k et dÃ¼rÃ¼m dÃ¶ner ğŸ˜‹

#karadutÅŸerbeti #karadut #iÃ§ecek #iÃ§ecektarifi #drink #meyve #meyvesuyu #nasÄ±lyapÄ±lÄ±r #eniyirestaurant #aÄŸababadÃ¶ner #bestdrink #bestfood #meyveler#reklam",,2024-05-04 07:50:51-0700,"ğŸ¥ @agababadoner

How do you like the preparation of black mulberry sherbet? A natural and refreshing black mulberry sherbet accompanied by a warm meat wrap ğŸ˜‹

#black mulberry sherbet #black mulberry #beverage #drinkrecipe #drink #fruit #fruitjuice #howtomake #bestrestaurant #aÄŸababadÃ¶ner #bestdrink #bestfood #fruits #advertisement"
3347640576092935515,18,353,"ğŸ”¶ Tutorial ğŸ©·âœ¨
ğŸ”¸
#portrait #art #sketch #artist #painter #design #Rabbi #menachemmendelschneerson #jews #israel #chabad #jewishart #chabadart #judaism #hasidism #graphicarts #jewishart770 #Ğ»ÑĞ±Ğ°Ğ²Ğ¸Ñ‡ĞµÑĞºĞ¸Ğ¹Ñ€ĞµĞ±Ğµ #Ğ¿Ğ¾Ñ€Ñ‚Ñ€ĞµÑ‚ #Ğ°ĞºĞ²Ğ°Ñ€ĞµĞ»ÑŒ #Ñ…Ğ°Ğ±Ğ°Ğ´ #judaicaart #×›×™×¡×•×™ ×¨××©",,2024-04-16 10:54:22-0700,"ğŸ”¶ Tutorial ğŸ©·âœ¨
ğŸ”¸
#portrait #art #sketch #artist #painter #design #Rabbi #menachemmendelschneerson #jews #israel #chabad #jewishart #chabadart #judaism #hasidism #graphicarts #jewishart770 #Lubavitch Rebbe #portrait #watercolor #Chabad #judaicaart #×›×™×¡×•×™ ×¨××©"
3378174033574453329,22,3,"Please gatekeep your nail tech ğŸ™

-

Credit: account remixed with",,2024-05-28 13:56:30-0700,"Please gatekeep your nail tech ğŸ™

-

Credit: account remixed with"
3376677253621479531,0,57,"Thank you Omaha Rapid Respose for hosting a celebration of life picnic for those affected by the 4/26 tornado and the approx,â€ 14k volunteers who helped. Itâ€™s a miracle that no lives were lost that day. Thanks also to Heartland Hope and Hy-Vee.",,2024-05-26 12:22:37-0700,"Thank you Omaha Rapid Respose for hosting a celebration of life picnic for those affected by the 4/26 tornado and the approx,â€ 14k volunteers who helped. Itâ€™s a miracle that no lives were lost that day. Thanks also to Heartland Hope and Hy-Vee."
3377782513532997410,0,3,"just a cat on a dumpster. 
But he looks like a tiger in the jungle.",,2024-05-28 00:57:55-0700,"just a cat on a dumpster. 
But he looks like a tiger in the jungle."
3366938286973599962,361,410294,Go Deep into the Factory to See the production Secret of Pink Eyeshadow#beauty#factory#oem#indiemakeup#labelitcosmetics#eyeshadow#pipeline,,2024-05-13 01:59:23-0700,Go Deep into the Factory to See the production Secret of Pink Eyeshadow#beauty#factory#oem#indiemakeup#labelitcosmetics#eyeshadow#pipeline
3365945070610468950,256,11243,"So proud of Eden for what she accomplished on and off the stage. She is such an example of courage and composure. I love you,Eden. 
#edengolan #eurovision #wewilldanceagain",,2024-05-11 17:01:50-0700,"So proud of Eden for what she accomplished on and off the stage. She is such an example of courage and composure. I love you,Eden. 
#edengolan #eurovision #wewilldanceagain"
3370373456552116949,1,122,"This is FIVE!

Five.

#birthdayboy #five #fiveyearsold",,2024-05-17 19:37:27-0700,"This is FIVE!

Five.

#birthdayboy #five #fiveyearsold"
3377811447067238992,54,875,"×“×’ ×‘×•×¨×™ ××˜×•×’×Ÿ ×œ×¦×“ ××˜×‘×œ ××¨×™×¡×”âœ¨

××ª ×”×“×’ ×”×–×” ××× ×©×œ×™ ××›×™× ×” ×§×‘×•×¢ ×‘×—×’ ×©×‘×•×¢×•×ª .
×•×œ××” ? ×›×™ ××¦×œ×™× ×• ×œ× ×›×•×œ× ××•×”×‘×™× ×—×œ×‘×™
×‘×¢×™×§×¨ ×”××‘×•×’×¨×™× ×™×•×ª×¨
××– ×‘×©×•×œ×—×Ÿ ×”×—×’ ×ª××™×“ ×™×”×™×• ×œ× ×• ×× ×•×ª ×“×’ ×œ×¦×“ ×× ×•×ª ×—×œ×‘×™×•×ª ×—×’×™×’×™×•×ª

××¦×¨×›×™×:
6 ×¤×™×œ×” ×“×’ ×‘×•×¨×™ ×™×©×¨××œ×™ ×˜×¨×™ ×—×ª×•×š ×œ×§×•×‘×™×•×ª ×’×¡×•×ª ×œ×œ× ×¢×•×¨

×œ×‘×œ×™×œ×ª ×”×§××—-
2 ×›×•×¡×•×ª ×§××—
××œ×—
×¤×œ×¤×œ
×›×¤×™×ª ×¤×¤×¨×™×§×” ×’×¨×•×¡×”

×œ×‘×œ×™×œ×ª ×”×‘×™×¦×™×-
4 ×‘×™×¦×™×
×—×¦×™ ×¦×¨×•×¨ ×›×•×¡×‘×¨×” ×§×¦×•×¦×” 
××œ×—
×¤×œ×¤×œ

××•×¤×Ÿ ×”×›× ×”:
× ×¢×¨×‘×‘ ××ª ×›×œ ××¨×›×™×‘×™ ×”×§××— ×™×—×“ ×•× ×¦×¤×” ××ª ×›×œ ×”×“×’×™× ×”×™×˜×‘
× ×¢×‘×™×¨ ×œ×‘×œ×™×œ×ª ×”×‘×™×¦×™× ×•× ×˜×’×Ÿ ×‘×©××Ÿ ×—×¦×™ ×¢××•×§ ×¢×“ ×œ×”×–×”×‘×” ×™×¤×” ××©× ×™ ×”×¦×“×“×™×.

×œ××˜×‘×œ-
×—×¦×™ ×¦×¨×•×¨ ×›×•×¡×‘×¨×” ×˜×¨×™×™×”
4 ×©×™× ×™ ×©×•× ×›×ª×•×©×•×ª
×›×£ ×’×“×•×©×” ××¨×™×¡×”
××œ×—
×›×¤×™×ª ×›××•×Ÿ
×¨×‘×¢ ×›×•×¡ ×—×•××¥
×¨×‘×¢ ×›×•×¡ ×©××Ÿ
×—×¦×™ ×›×•×¡ ××™×

× ×¢×¨×‘×‘ ×”×™×˜×‘ ×•× ×’×™×© ×œ×¦×“ ×”×“×’×™× ×•×¤×¨×•×¡×•×ª ×œ×™××•×Ÿ ×˜×¨×™×•×ª

×‘×ª××‘×•×Ÿ ×•×—×’ ×©××—ğŸ«¶ğŸ»â¤ï¸

×‘×©×™×ª×•×£ @israelifreshfish 
#×“×’×™×©×¨××œ×™×˜×¨×™",,2024-05-28 01:58:17-0700,"Fried mullet fish alongside Arisa dipâœ¨

My mother regularly prepares this fish on Shavuot.
and why? Because with us, not everyone likes dairy
especially the older ones
So at the holiday table we will always have fish dishes alongside festive dairy dishes

Ingredients:
6 fresh Israeli mullet fish fillet cut into rough cubes without skin

for the flour batter-
2 cups of flour
Salt
pepper
A teaspoon of ground paprika

For the egg batter-
4 eggs
Half a bunch of chopped cilantro 
Salt
pepper

preparation method:
Mix all the flour ingredients together and coat all the fish well
Transfer to the egg batter and fry in semi-deep oil until nicely golden on both sides.

for dip-
Half a bunch of fresh coriander
4 crushed garlic cloves
A heaping spoonful of Arisa
Salt
A teaspoon of cumin
A quarter cup of vinegar
A quarter cup of oil
Half a glass of water

Mix well and serve alongside the fish and fresh lemon slices

Bon appetit and happy holidays ğŸ«¶ğŸ»â¤ï¸

In collaboration with @israelifreshfish 
#DagIsraelitary"
3378117133513102595,98,20224,××•×§×™×™ ××•×“,,2024-05-28 12:02:47-0700,ok mod
3348791492540581199,655,88773,"Caszh vibes ftw. Wamiqa Gabbi seen at a production office in Santacruz for a meeting
.
#voompla #bollywood #wamiqagabbi",,2024-04-18 01:00:20-0700,"Caszh vibes ftw. Wamiqa Gabbi seen at a production office in Santacruz for a meeting
.
#voompla #bollywood #wamiqagabbi"
3373864281388087795,462,155737,ğŸ’œ @bvlgari #BvlgariThailand #Bvlgari #BvlgariHighJewelry #EternallyReborn #BvlgariAeterna,,2024-05-22 15:13:05-0700,ğŸ’œ @bvlgari #BvlgariThailand #Bvlgari #BvlgariHighJewelry #EternallyReborn #BvlgariAeterna
3354092614814301495,72,76645,ğŸ•Šï¸ğŸ¤âœ¨,,2024-04-25 08:34:35-0700,
3366695682005754749,16,19252,"Kallalo daagi unnaa.. 
.
.
.
.
.
.
#telugusong 
#lovesong 
#statusvideo 
#lyricedit 
#instagram 
#reelitfeelit",,2024-05-12 17:50:41-0700,"Kallalo daagi unnaa.. 
.
.
.
.
.
.
#telugusong 
#lovesong 
#statusvideo 
#lyricedit 
#instagram 
#reelitfeelit"
3374325507039493933,41,888,"××—×ª ×”×”×•×“×¢×•×ª ×©×× ×™ ××§×‘×œ×ª ×”×›×™ ×”×¨×‘×” ×× ×¤×’×¢×™ ×•× ×¤×’×¢×•×ª ×¤×’×™×¢×” ××™× ×™×ª ×–×” ×©×”× ×‘×××ª ×œ× ×”×××™× ×• ×©××¤×©×¨ ×œ×—×™×•×ª ×—×™×™× ×˜×•×‘×™×, ×©×œ××™× ×•×©×œ×•×•×™× ××—×¨×™ ×”×¤×’×™×¢×” ×•×¨×§ ××—×¨×™ ×©×©××¢×• ××ª ×”×¤×•×“×§××¡×˜ ×©×œ×™ ×”× ×’×™×œ×• ×©×™×© ×“×¨×š ××—×¨×ª. ××– ×× ×’× ××ª/×” ×—×•×•×™×ª× ××ª ×–×” - ×× ×™ ×›××Ÿ ×›×“×™ ×œ×”×’×™×“ ×œ×›×: ×™×© ×“×¨×š ××—×¨×ª. ×™×© ×“×¨×š ×œ×—×™×™× ××“×”×™××™× ×’× ××—×¨×™ ×¤×’×™×¢×”. ×¤×¨×§ 38 ×‘×¤×•×“×§××¡×˜ ×©×œ×™ ×´× ×¤×© ×œ×•×—××ª×´ ×–××™×Ÿ ×œ×”××–× ×” ×‘×›×œ ×¤×œ×˜×¤×•×¨××•×ª ×”×¤×•×“×§××¡×˜.",,2024-05-23 06:32:42-0700,"One of the messages I get the most from victims of sexual assault is that they really didn't believe it was possible to live a good, complete and peaceful life after the assault and only after listening to my podcast did they discover there was another way. So if you have also experienced this - I am here to tell you: there is another way. There is a way to an amazing life even after an injury. Episode 38 of my podcast ""Warrior Spirit"" is available for listening on all podcast platforms."
3352669448509680442,262,502922,"Bunny Milk in the pink containers ğŸ˜±ğŸ©·!! 
Only a limited amount of peep scented milkyskin will be available Saturday at 2pm CST ğŸ°â˜ºï¸

#viral #explorepage #trending #explore #instagram #tiktok #love #like #follow #instagood #likeforlikes #memes #popular #followforfollowback #lotion #viralvideos #lfl #photography #likes #viralpost #milkyskin  #instadaily #lotion #skincare #model #cute #k #skin #foryou #beauty #milkymist",,2024-04-23 09:24:52-0700,"Bunny Milk in the pink containers ğŸ˜±ğŸ©·!! 
Only a limited amount of peep scented milkyskin will be available Saturday at 2pm CST ğŸ°â˜ºï¸

#viral #explorepage #trending #explore #instagram #tiktok #love #like #follow #instagood #likeforlikes #memes #popular #followforfollowback #lotion #viralvideos #lfl #photography #likes #viralpost #milkyskin  #instadaily #lotion #skincare #model #cute #k #skin #foryou #beauty #milkymist"
3378039015004803494,95,3243,"Letâ€™s raise the frequency 
#alleyesonrafa

#unwomenforallwomen @unwomen_forallwomen",,2024-05-28 09:27:32-0700,"Letâ€™s raise the frequency 
#alleyesonrafa

#unwomenforallwomen @unwomen_forallwomen"
3377246724996496310,119,6536,"Beautifully said. 
@sephardicsoul",,2024-05-27 07:13:24-0700,"Beautifully said. 
@sephardicsoul"
3377300954451885588,1,9,"Honoring the brave souls who gave their all for our freedom. Today commemorates all of those who lost their lives defending this country. This Memorial Day, we remember their sacrifice and cherish their legacy.",,2024-05-27 09:01:12-0700,"Honoring the brave souls who gave their all for our freedom. Today commemorates all of those who lost their lives defending this country. This Memorial Day, we remember their sacrifice and cherish their legacy."
3377737732643123893,26,879,"Daily reminder for @gantzbe , they are still not home!
ğŸ— // â€¼ï¸
Â ×ª×–×›×•×¨×ª ×™×•××™×ª ×œ @gantzbe ×”× ×¢×“×™×™×Ÿ ×œ× ×‘×‘×™×ª!

#bringthemhome #bringthemhomenow 
@bringhomenow 
@bringthemhome23",,2024-05-27 23:28:57-0700,"Daily reminder for @gantzbe, they are still not home!
ğŸ— // â€¼ï¸
Â Daily reminder to @gantzbe they are not home yet!

#bringthemhome #bringthemhomenow 
@bringhomenow 
@bringthemhome23"
3378123652141578978,8,996,Credit @diplo.act #bringthemhomenow #bringthemhome #realesethehostagesnow,,2024-05-28 12:15:42-0700,Credit @diplo.act #bringthemhomenow #bringthemhome #realesethehostagesnow
3377683450230871207,5,46,,,2024-05-27 21:41:06-0700,
3378281692920276232,82,3177,Nothing like seeing @jerryseinfeld express what we all feel. Without words. ğŸ‡®ğŸ‡±ğŸ’™ thank you @bariweiss,,2024-05-28 17:31:25-0700,Nothing like seeing @jerryseinfeld express what we all feel. Without words. ğŸ‡®ğŸ‡±ğŸ’™ thank you @bariweiss
3378131705448034029,28,2786,Holding space for the eyeball community during this very difficult time ğŸ˜”ğŸ™ğŸ»,,2024-05-28 12:31:42-0700,Holding space for the eyeball community during this very difficult time ğŸ˜”ğŸ™ğŸ»
3324123176496620051,4219,378528,"PeeCeeâ€™s in Mumbaaaai! Everyone was kinda expecting to see her at the Jam-glam-Nagar extravaganza but she gave that a miss. Strutting into a luxe mall in BKC for a store launch!
FOLLOW ğŸ‘‰ @voompla
INQUIRIES ğŸ‘‰ @ppbakshi
.
#voompla #bollywood #priyankachopra",,2024-03-15 00:08:14-0700,"PeeCeeâ€™s in Mumbaaaai! Everyone was kinda expecting to see her at the Jam-glam-Nagar extravaganza but she gave that a miss. Strutting into a luxe mall in BKC for a store launch!
FOLLOW ğŸ‘‰ @voompla
INQUIRIES ğŸ‘‰ @ppbakshi
.
#voompla #bollywood #priyankachopra"
3361791899561308849,0,81,"×³Jude - ×–×›×¨× ×—×§×•×§ ×‘×œ×™×‘× ×•×³
×œ×–×›×¨ × ×¡×¤×™ ×”×©×•××”
Jude - Their memory is engraved in our hearts
Holocaust Remembrance Day 2024 
.
.
.
.
#holocaust #×™×•××”×©×•××” #××™×•×¨×™×©×¨××œ×™ #illustration #illustrationartists #heart #heartdrawing #jude #jewish #holocaustremembranceday #sigaluna",,2024-05-05 23:27:25-0700,"'Jude - their memory is engraved in our hearts'
In memory of the victims of the Holocaust
Jude - Their memory is engraved in our hearts
Holocaust Remembrance Day 2024 
.
.
.
.
#holocaust #×™×•××”×©×•××” #××™×•×¨×™×©×¨××œ×™ #illustration #illustrationartists #heart #heartdrawing #jude #jewish #holocaustremembranceday #sigaluna"
3376524416505077577,148,7272,"Ù…ØºØ²Ù… Ú©Ù„ Ø±ÙˆØ²ğŸ˜®â€ğŸ’¨ğŸª©:

Song: @artmiross @poo_bon 

.

#Ø¯Ù†Ø³ #Ø¢Ø±ØªØ§ #Ù¾ÙˆØ¨ÙˆÙ†",,2024-05-26 07:19:55-0700,"My brain all dayğŸ˜®â€ğŸ’¨ğŸª©:

Song: @artmiross @poo_bon 

.

#Dance #Arta #Pobon"
3377967022367646422,178,25045,× ×‘×“×§ ××“×¢×™×ª,,2024-05-28 07:04:30-0700,Scientifically tested
3378125944244669379,0,526,"In case you didnâ€™t know:
You could fit all the planets between the Earth and the Moon

The average distance from the Earth to the Moon is 384,400 km. And check it out, that leaves us with 4,392 km to spare.

So what could we do with the rest of that distance? Well, we could obviously fit Pluto into that slot. Itâ€™s around 2,300 km across. Which leaves us about 2,092 km to play with. We could fit one more dwarf planet in there (not Eris though, too big).
Via @astronovation",,2024-05-28 12:20:15-0700,"In case you didnâ€™t know:
You could fit all the planets between the Earth and the Moon

The average distance from the Earth to the Moon is 384,400 km. And check it out, that leaves us with 4,392 km to spare.

So what could we do with the rest of that distance? Well, we could obviously fit Pluto into that slot. Itâ€™s around 2,300 km across. Which leaves us about 2,092 km to play with. We could fit one more dwarf planet in there (not Eris though, too big).
Via @astronovation"
3369121643856396691,104,30406,"Tag that girl â¤
Follow @sreeleelas_.world
.
(support needed) hit a â¤ï¸ and comments must
.
Please support and do follow @sreeleelas_.world
.
sá´›sÊ á´›á´œÊ€É´á´‡á´… Ò“á´Ê€ á´á´Ê€á´‡ á´›Ê€á´€á´„á´‹s.ÊŸÉªá´‹á´‡,á´„á´á´á´á´‡É´á´› á´€É´á´… á´˜ÊŸá´‡á´€sá´‡ á´…á´É´'á´› Ò“á´Ê€É¢á´‡á´› á´›á´ sÊœá´€Ê€á´‡
.
â­•á´›ÊœÉªs á´˜Êœá´á´›á´,á´ Éªá´…á´‡á´ á´Ê€ á´€á´œá´…Éªá´ Éªs É´á´á´› á´Ï‰É´á´‡á´… Ê™Ê á´Êsá´‡ÊŸÒ“
.
â­•á´›Êœá´‡ á´„á´á´˜ÊÊ€ÉªÉ¢Êœá´› á´„Ê€Éªá´…á´‡á´›s É¢á´á´‡s á´›á´ Ê€á´‡sá´˜á´‡á´„á´›Éªá´ á´‡ á´Ï‰É´á´‡Ê€s
.
â­•á´›ÊœÉªs á´ Éªá´…á´‡á´ Éªs á´˜á´œÊ€ÊŸÊ Ò“á´€É´ á´á´€á´…á´‡
.
â­•á´›ÊœÉªs á´ Éªá´…á´‡á´ Éªs É´á´á´› á´œsá´‡á´… Ò“á´Ê€ ÉªÊŸÊŸá´‡É¢á´€ÊŸ sÊœá´€Ê€ÉªÉ´É¢ á´€É´á´… á´˜Ê€á´Ò“Éªá´› á´á´€á´‹ÉªÉ´É¢
.
â­•É´á´ É´á´‡á´‡á´… á´›á´ Ê€á´‡á´˜á´Ê€á´› á´Ê€ sá´›Ê€Éªá´‹á´‡
.
Êœá´€sÊœá´›á´€É¢s
.
#whatsappstatus #telugulyrics #telugulyrical #lovevideos #statuswhatsapp #statusvideos #telugustatussongs #teluguwhatsappstatus #telugubgms #telugubgm #telugubeats #telugulovebeat #beatsheadphones #exploremore #telugustatus #explorepage #trending",,2024-05-16 02:11:20-0700,"Tag that girl â¤
Follow @sreeleelas_.world
.
(support needed) hit a â¤ï¸ and comments must
.
Please support and do follow @sreeleelas_.world
.
sá´›sÊ á´›á´œÊ€É´á´‡á´… Ò“á´Ê€ á´á´Ê€á´‡ á´›Ê€á´€á´„á´‹s.ÊŸÉªá´‹á´‡,á´„á´á´á´á´‡É´á´› á´€É´á´… á´˜ÊŸá´‡á´€sá´‡ á´…á´É´'á´› Ò“á´Ê€É¢á´‡á´› á´›á´ sÊœá´€Ê€á´‡
.
â­•á´›ÊœÉªs á´˜Êœá´á´›á´,á´ Éªá´…á´‡á´ á´Ê€ á´€á´œá´…Éªá´ Éªs É´á´á´› á´Ï‰É´á´‡á´… Ê™Ê á´Êsá´‡ÊŸÒ“
.
â­•á´›Êœá´‡ á´„á´á´˜ÊÊ€ÉªÉ¢Êœá´› á´„Ê€Éªá´…á´‡á´›s É¢á´á´‡s á´›á´ Ê€á´‡sá´˜á´‡á´„á´›Éªá´ á´‡ á´Ï‰É´á´‡Ê€s
.
â­•á´›ÊœÉªs á´ Éªá´…á´‡á´ Éªs á´˜á´œÊ€ÊŸÊ Ò“á´€É´ á´á´€á´…á´‡
.
â­•á´›ÊœÉªs á´ Éªá´…á´‡á´ Éªs É´á´á´› á´œsá´‡á´… Ò“á´Ê€ ÉªÊŸÊŸá´‡É¢á´€ÊŸ sÊœá´€Ê€ÉªÉ´É¢ á´€É´á´… á´˜Ê€á´Ò“Éªá´› á´á´€á´‹ÉªÉ´É¢
.
â­•É´á´ É´á´‡á´‡á´… á´›á´ Ê€á´‡á´˜á´Ê€á´› á´Ê€ sá´›Ê€Éªá´‹á´‡
.
Êœá´€sÊœá´›á´€É¢s
.
#whatsappstatus #telugulyrics #telugulyrical #lovevideos #statuswhatsapp #statusvideos #telugustatussongs #teluguwhatsappstatus #telugubgms #telugubgm #telugubeats #telugulovebeat #beatsheadphones #exploremore #telugustatus #explorepage #trending"
3377215979925491933,134,923,"Just over here living a life worthy of this Country and raising patriotic kids!! Our freedoms came at a price and we will always be grateful for those that sacrificed their lives so that we could be free-living in the greatest Country in the world! We will never take it for granted. Sending love and respect to all of our fallen soldiers and their families ğŸ™ğŸ½ğŸ‡ºğŸ‡¸ğŸ‡ºğŸ‡¸ğŸ‡ºğŸ‡¸
#memorialday #memorialdayweekend #usa #american #patriot #supportthemilitary #supportthetroops #fallensoldiers #americansoldier #somegaveall #lifelibertyandthepursuitofhappiness",,2024-05-27 06:12:19-0700,"Just over here living a life worthy of this Country and raising patriotic kids!! Our freedoms came at a price and we will always be grateful for those that sacrificed their lives so that we could be free-living in the greatest Country in the world! We will never take it for granted. Sending love and respect to all of our fallen soldiers and their families ğŸ™ğŸ½ğŸ‡ºğŸ‡¸ğŸ‡ºğŸ‡¸ğŸ‡ºğŸ‡¸
#memorialday #memorialdayweekend #usa #american #patriot #supportthemilitary #supportthetroops #fallensoldiers #americansoldier #somegaveall #lifelibertyandthepursuitofhappiness"
3378104811326185365,129,29489,"Forbes girls ğŸ’œğŸ’œ
@Hofitgolanofficial x @victoriabonya x #frobes 
Itâ€™s become at #cannesfilmfestival tradition to be celebrate the film festival with @forbes @forbes_fr 
Love how we matched the colours of our dresses without even planning. Thatâ€™s what happens after so many years for friendship!

ĞŸĞ¾ÑĞ»Ğµ ÑÑ‚Ğ¾Ğ»ÑŒĞºĞ¸Ñ… Ğ»ĞµÑ‚ Ğ´Ñ€ÑƒĞ¶Ğ±Ñ‹ Ñ Hofit Ñ Ğ´Ğ°Ğ¶Ğµ Ğ½Ğµ ÑƒĞ´Ğ¸Ğ²Ğ»ÑÑÑÑŒ Ñ‚Ğ¾Ğ¼Ñƒ, Ñ‡Ñ‚Ğ¾ Ğ¼Ñ‹ Ğ¿Ğ¾ÑÑ‚Ğ¾ÑĞ½Ğ½Ğ¾ ÑĞ¾Ğ²Ğ¿Ğ°Ğ´Ğ°ĞµĞ¼ Ñ†Ğ²ĞµÑ‚Ğ°Ğ¼Ğ¸ Ğ² Ğ¾Ğ´ĞµĞ¶Ğ´Ğµ, Ğ´Ğ°Ğ¶Ğµ Ğ½Ğµ ÑĞ³Ğ¾Ğ²Ğ°Ñ€Ğ¸Ğ²Ğ°ÑÑÑŒ â˜ºï¸ @@hofitgolanofficial @victoriabonya ğŸ’œğŸ’œ",,2024-05-28 11:38:16-0700,"Forbes girls ğŸ’œğŸ’œ
@Hofitgolanofficial x @victoriabonya x #frobes 
Itâ€™s become at #cannesfilmfestival tradition to be celebrate the film festival with @forbes @forbes_fr 
Love how we matched the colors of our dresses without even planning. Thatâ€™s what happens after so many years for friendship!

After so many years of friendship with Hofit, Iâ€™m not even surprised that we constantly match the colors in our clothes, without even talking â˜ºï¸ @@hofitgolanofficial @victoriabonya ğŸ’œğŸ’œ"
3372216126664790861,36,438,@aaisha_malik009,,2024-05-20 08:38:30-0700,@aaisha_malik009
3375911085620539365,39,3080,"itâ€™s the middle of exams rn ğŸ˜µâ€ğŸ’« // edit idea: me 
âœ¯ ğ’ğ’š ğ’’ğ’–ğ’‚ğ’ğ’Šğ’•ğ’š & ğ’„ğ’ğ’ğ’ğ’–ğ’“ğ’Šğ’ğ’ˆ ğ’Šğ’” ğ’Šğ’ ğ’ğ’š ğ’ƒğ’Šğ’ âœ¯

â”€â”€ â‹†â‹…â˜†â‹…â‹† â”€â”€

#blackpink #blackpinkedit #blackpinkedits #roseedit #rosÃ© #parkchaeyoung #rose #roseblackpink #jisoo #jisooedit #kimjisoo #jisooblackpink #jennie #jennierubyjane #jennieblackpink #jennieedit #lisa #lisaedit #lalisa #lisablackpink #lalisamanoban #kpop #Ø§ÙƒØ³Ø¨Ù„ÙˆØ± #explore #reels #jmnicty",,2024-05-25 10:59:57-0700,"itâ€™s the middle of exams rn ğŸ˜µâ€ğŸ’« // edit idea: me 
âœ¯ ğ’ğ’š ğ’’ğ’–ğ’‚ğ’ğ’Šğ’•ğ’š & ğ’„ğ’ğ’ğ’ğ’–ğ’“ğ’Šğ’ğ’ˆ ğ’Šğ’” ğ’Šğ’ ğ’ğ’š ğ’ƒğ’Šğ’ âœ¯

â”€â”€ â‹†â‹…â˜†â‹…â‹† â”€â”€

#blackpink #blackpinkedit #blackpinkedits #roseedit #rosÃ© #parkchaeyoung #rose #roseblackpink #jisoo #jisooedit #kimjisoo #jisooblackpink #jennie #jennierubyjane #jennieblackpink #jennieedit #lisa #lisaedit #lalisa #lisablackpink #lalisamanoban #kpop #Ø§ÙƒØ³Ø¨Ù„ÙˆØ± #explore #reels #jmnicty"
3375180523368536439,1034,412239,#keÅŸfetteyiz #bebek #reelsinstagram #reelsvideo #bebekresimleri #kesfet,,2024-05-24 10:49:02-0700,#weareexploring #baby #reelsinstagram #reelsvideo #babypictures #explore
3372912890392765112,30,698793,"Not the best season for me personally, things didnâ€™t go as i planned, but i couldnâ€™t be prouder of the team iâ€™m part of. This group is amazing and weâ€™re showing that season after season. Now itâ€™s time to rest and prepare to be healthier next season. Weâ€™ll be back stronger and ready for it! Letâ€™s go, Gunners! ğŸ’ªğŸ¾ğŸ¤™ğŸ¾",,2024-05-21 07:42:51-0700,"Not the best season for me personally, things didnâ€™t go as i planned, but i couldnâ€™t be prouder of the team iâ€™m part of. This group is amazing and weâ€™re showing that season after season. Now itâ€™s time to rest and prepare to be healthier next season. Weâ€™ll be back stronger and ready for it! Letâ€™s go, Gunners! ğŸ’ªğŸ¾ğŸ¤™ğŸ¾"
3373645805549620630,223,915,"Fit check ğŸ–¤ 

â€¢

â€¢

â€¢
#preppyoutfit #minimalfashionstyleinspo #minimalaesthetic #elevatedbasics #girlyoutfit #parisianchic #parisianstyle #oldmoneyaesthetic",,2024-05-22 07:59:01-0700,"Fit check ğŸ–¤ 

â€¢

â€¢

â€¢
#preppyoutfit #minimalfashionstyleinspo #minimalaesthetic #elevatedbasics #girlyoutfit #parisianchic #parisianstyle #oldmoneyaesthetic"
3373426302083189316,7,166,"ğŸ–¤

.
#aimankhan #aimanminal #sajalaly #sanajaved #cutegirls #islamabad #karachi #lahore #pakistani #love #fashion #pakistanifashion #multan",,2024-05-22 00:42:54-0700,"ğŸ–¤

.
#aimankhan #aimanminal #sajalaly #sanajaved #cutegirls #islamabad #karachi #lahore #pakistani #love #fashion #pakistanifashion #multan"
3376551558708791613,0,3,"Did you know?
#viral #explore #beer",,2024-05-26 08:12:14-0700,"Did you know?
#viral #explore #beer"
3322298982552867488,33308,4521206,"3 min en scÃ¨ne VS 3 semaines de travail ğŸ¥µ

En arrivant Ã  lâ€™ @opera_comique jâ€™avais comme mission de trouver comment vieillir les deux solistes sur scÃ¨ne Ã  vue, lâ€™idÃ©e Ã©tait que plus le temps passe, plus les cheveux et poils poussent.
Il fallait trouver un moyen simple pour quâ€™ils puissent se mettre les perruques et postiches seuls sous le regard du public. AprÃ¨s beaucoup de rÃ©flexion et sous les conseils dâ€™ @amelie_lecul , nous avons optÃ© pour le systÃ¨me Ã  aimants. Chaque Ã©lÃ©ment vient sâ€™aimanter Ã  lâ€™autre de maniÃ¨re trÃ¨s simple. 
Mais, pour que tout soit simple visuellement, on sâ€™est heurtÃ© Ã  beaucoup de questionnements : Comment placer les aimants ? Combien ? Comment faire la jonction entre chaque postiche ? ..

Il a fallut 3 semaines de travail en atelier pour fabriquer ces Ã©lÃ©ments de vieillissement. Chaque perruque et postiches ont Ã©tÃ© fabriquÃ©s sur mesure pour notre soliste @stephane.degout, les couleurs ont Ã©tÃ© minutieusement rÃ©flÃ©chies, la coupe Ã©galement, tout a Ã©tÃ© pensÃ© pour quâ€™il puisse le plus simplement poser ces Ã©lÃ©ments sur lui, sans miroir. 

Un grand merci Ã  mon Ã©quipe dâ€™atelier, sans qui rien aurait Ã©tÃ© possible ! âœ¨
Perruque : @deborahwigmaker 
Barbe 1 :  @nell_cvr 
Toupet court : @artist_wig 
Barbe 2 : @corinne.blot.mua 
Toupet long : @charlenewigmakeup_ 
Barbe 3 : @___nnine___ 

Sans oublier @wysi_wig qui sâ€™est occupÃ© des postiches de @siobhanstagg, merci pour ton travail ğŸ«¶ğŸ»

Lâ€™autre Voyage de Schubert
Direction musicale RaphaÃ«l Pichon â€¢ Mise en scÃ¨ne et dÃ©cors Silvia Costa â€¢ Costumes Laura Dondoli â€¢ Avec StÃ©phane Degout, Siobhan Stagg, Laurence Kilsby, Chadi Lazreq â€¢ Orchestre et ChÅ“ur Pygmalion â€¢ ChÅ“ur dâ€™enfants MaÃ®trise Populaire de lâ€™OpÃ©ra-Comique",,2024-03-12 11:43:10-0700,"3 min on stage VS 3 weeks of work ğŸ¥µ

When I arrived at the @opera_comique my mission was to find out how to age the two soloists on stage visually, the idea was that the more time passes, the more hair grows.
We had to find a simple way so that they could put on their wigs and hairpieces alone in the public eye. After a lot of thought and under the advice of @amelie_lecul, we opted for the magnet system. Each element magnetizes to the other in a very simple way. 
But, to keep everything visually simple, we faced a lot of questions: How to place the magnets? How much ? How to connect each hairpiece? ..

It took 3 weeks of work in the workshop to manufacture these aging elements. Each wig and hairpiece were custom-made for our soloist @stephane.degout, the colors were carefully thought out, the cut as well, everything was designed so that he could easily put these elements on himself, without a mirror. 

A big thank you to my workshop team, without whom nothing would have been possible! âœ¨
Wig: @deborahwigmaker 
Beard 1: @nell_cvr 
Short toupee: @artist_wig 
Beard 2: @corinne.blot.mua 
Long toupee: @charlenewigmakeup_ 
Beard 3: @___nnine___ 

Without forgetting @wysi_wig who took care of @siobhanstagg's hairpieces, thank you for your work ğŸ«¶ğŸ»

Schubert's Other Journey
Musical direction RaphaÃ«l Pichon â€¢ Direction and sets Silvia Costa â€¢ Costumes Laura Dondoli â€¢ With StÃ©phane Degout, Siobhan Stagg, Laurence Kilsby, Chadi Lazreq â€¢ Orchestra and Pygmalion Choir â€¢ Children's choir MaÃ®trise Populaire de l'OpÃ©ra-Comique"
3376779843352730992,205,3378,"Ariel Bibas ğŸ’”

Lag Baomer, 2023, Nir Oz. 

Exactly one year ago. 

#LetThemGoNow ğŸ—ï¸
Via @stateofisrael","Photo shared by Jewish Life NowÂ®ï¸ Created by Cindy Saltzman on May 26, 2024 tagging @stateofisrael. May be an image of 1 person, child, pie and picnic.",2024-05-26 15:45:47-0700,"Ariel Bibas - The Best Of Ariel Bibas

Lag Baomer, 2023, Near Oz. 

Exactly one year ago. 

#LetThemGoNow ğŸ—ï¸
Via @stateofisrael"
3375298107645958831,3,37,"Weâ€™re thrilled to announce the next episode of The Closet podcast, featuring the incredible Aton Ben-Horin! ğŸ¶âœ¨ Aton is the Global VP of A&R for Warner Music Group, overseeing labels like Atlantic Records and Warner Bros. Records. Heâ€™s also the owner of Plush Recording Studios, CEO of Plush Management LLC, and a founding partner of The Agency.

Join us for an intimate conversation about his journey, insights into the music industry, and much more. Donâ€™t miss this inspiring episode!

ğŸ§ Subscribe now and be the first to listen on Apple Podcasts, Spotify, or wherever you get your podcasts.

Stay tuned and follow @closet_podcast for updates!",,2024-05-24 14:41:51-0700,"Weâ€™re thrilled to announce the next episode of The Closet podcast, featuring the incredible Aton Ben-Horin! ğŸ¶âœ¨ Aton is the Global VP of A&R for Warner Music Group, overseeing labels like Atlantic Records and Warner Bros. Records. Heâ€™s also the owner of Plush Recording Studios, CEO of Plush Management LLC, and a founding partner of The Agency.

Join us for an intimate conversation about his journey, insights into the music industry, and much more. Donâ€™t miss this inspiring episode!

ğŸ§ Subscribe now and be the first to listen on Apple Podcasts, Spotify, or wherever you get your podcasts.

Stay tuned and follow @closet_podcast for updates!"
3374307120277799317,32,648,Short thoughts from our trip,,2024-05-23 09:18:01-0700,Short thoughts from our trip
3375166055478801537,263,6974,"ğŸ•¯ï¸ğŸ•¯ï¸ #ShabbatShalom 
Video by: @hgeller120 for @ajc.global",,2024-05-24 10:21:21-0700,"ğŸ•¯ï¸ğŸ•¯ï¸ #ShabbatShalom 
Video by: @hgeller120 for @ajc.global"
3355918088624108564,1362,3,"Delicious Glutinous Rice Ball .

Ini dia salah satu jajanan enak yang menggiurkan buat jadi menu cemilan kapan aja nih. Selain teksturnya lembut tapi juga empuk lagi .

Nah yang buat makin menarik dan juga menggiurkan soalnya ini didalamnya juga ada isian coklat didalamnya. Mantap dan menggiurkan sekali buat jadi menu cemilan enak .

___
Inspiring âœ¨
ğŸ“¹tik.tok/foodmaker168 #gelatina",,2024-04-27 20:58:50-0700,"Delicious Glutinous Rice Balls .

This is one of the delicious snacks that is tempting to use as a snack menu at any time. Apart from the soft texture, it is also soft again.

Now what makes it even more interesting and tempting is because it also has chocolate filling inside. Delicious and very tempting to make a delicious snack menu.

___
Inspiring âœ¨
ğŸ“¹tik.tok/foodmaker168 #gelatina"
3377868852148002430,12,272,"×›×©××–×œ×–×œ×™× ×‘×›×, ×ª×”×™×• ×”×¦×¤×¨×“×¢ ğŸ¸
×¢×§×‘×• ××—×¨×™× ×• ×œ×¡×¨×˜×•× ×™× ×™×•××™×™× â¤ï¸

â€”â€”
#××•×˜×™×‘×¦×™×” #××•×˜×™×‘×¦×™×”ğŸ” #××•×˜×™×‘×¦×™×”×™×©×¨××œ #×”×©×¨××” #×”×©×¨××”×™×•××™×ª #×”×¢×¦××” #×”×¢×¦××”××™×©×™×ª #××©×¤×˜×™× #××©×¤×˜××—×“×‘×™×•× #×™×©×¨××œ #×™×©×¨××œ×™ #×™×©×¨××œ×™× #××•×¡×¨×”×©×›×œ",,2024-05-28 03:52:46-0700,"When you are underestimated, be the frog ğŸ¸
Follow us for daily videos â¤ï¸

â€”â€”
#××•×˜×™×‘×¦×™×” #××•×˜×™×‘×¦×™×”ğŸ” #××•×˜×™×‘×¦×™×”×™×©×¨××œ×™× #×™×©×¢×¨×” #×™×©×¨×××™×•××™×˜ #×”×¢×¦×× #×”×¦×¢××¢××™×©×™×˜ #××©×¤×ª×™× #××¦×¦×¢××—×“×‘×™×•× #×™×©×¨××œ #×™×©×¨××œ×™ #×™×©×¨××œ×™× #××•×¡×¨×”×©×›×œ"
3289801828668390407,25,1194,ğŸ‡®ğŸ‡±,,2024-01-27 14:36:00-0800,
3377409635588588341,14,202,"When it is dark out and we begin to think all hope is lost, we look up and there are the stars and then suddenly we remember there is light in this world.. What seems far is not far at all.. the light is here with us and within each of us.. We must choose to shine that light!!! It's never dark when there is always light. Keep shining!! I hope these words sit with you forever.- Ramon, aka Star bka, @therealloststar & Eliyahu David

 Thanks, @israeliwatermelon, for the beautiful image!!!

#light",,2024-05-27 12:37:04-0700,"When it is dark out and we begin to think all hope is lost, we look up and there are the stars and then suddenly we remember there is light in this world.. What seems far is not far at all.. the light is here with us and within each of us.. We must choose to shine that light!!! It's never dark when there is always light. Keep shining!! I hope these words sit with you forever.- Ramon, aka Star bka, @therealloststar & Eliyahu David

 Thanks, @israeliwatermelon, for the beautiful image!!!

#light"
3378779447409211689,7,153,×¡××•×˜×¨×™×¥ ×•×‘×™×‘×™ ×•×‘×Ÿ ×’×‘×™×¨ ×•×¨×’×‘ ×•×¢×•×“ ×•×¢×•×“ ×•×¢×•×“ ×©×œ×•×§×—×™× ××•×ª× ×• ×œ××˜×”.,,2024-05-29 09:59:16-0700,Smotritz and Bibi and Ben Gvir and Regev and on and on and on that take us down.
3378679455722113612,2,76,"Your mind is a magnet.

Think blessings, attract blessings. Think the opposite, attract the opposite.

#mindset #mindfulness #blessings #bless #blessed #blessing #chabadlubavitch #chabad #torah #torahstudy",,2024-05-29 06:39:59-0700,"Your mind is a magnet.

Think blessings, attract blessings. Think the opposite, attract the opposite.

#mindset #mindfulness #blessings #bless #blessed #blessing #chabadlubavitch #chabad #torah #torahstudy"
3375836151209141955,128,38012,"Nostalgia hits differently when you listen to this song! âœ¨

20 years since Hum and Tum had their memorable 'pehliÂ mulaqaat,' giving us a love story we've shipped ever since. It's #20YearsOfHumTum on May 28, 2024. Join us in the celebrations!",,2024-05-25 08:30:40-0700,"Nostalgia hits differently when you listen to this song! âœ¨

20 years since Hum and Tum had their memorable 'pehliÂ mulaqaat,' giving us a love story we've shipped ever since. It's #20YearsOfHumTum on May 28, 2024. Join us in the celebrations!"
3371605589262400359,32,1573,Congrats to our ğŸ‡®ğŸ‡±âš½ï¸ team at the World Walking Football Championships who finished in 3rd place! So proud of you all! ğŸ’™ğŸ¤ğŸ’™ğŸ¤ğŸ’™ğŸ¤,,2024-05-19 12:25:28-0700,Congrats to our ğŸ‡®ğŸ‡±âš½ï¸ team at the World Walking Football Championships who finished in 3rd place! So proud of you all! ğŸ’™ğŸ¤ğŸ’™ğŸ¤ğŸ’™ğŸ¤
3351864152602090378,40,1052,"Happy Passover! 
 
With the help of G-d, may we see redemption speedily in our days!",,2024-04-22 06:43:20-0700,"Happy Passover! 
 
With the help of G-d, may we see redemption speedily in our days!"
3347628130485763317,26,1488,"1. JamÃ¡s me he topado con un servicio tan bueno.
2. JamÃ¡s me he topado con un servicio tan malo.
3. JamÃ¡s me he topado con una situaciÃ³n asÃ­.

#hebrew#hebreo#israel#telaviv#languagelearning#aprender idiomas#aprenderhebreo#learnhebrew#hebrewlanguage#lovelanguage#language#languages#ivrit",,2024-04-16 10:26:32-0700,"1. I have never come across such good service.
2. I have never encountered such bad service.
3. I have never encountered a situation like this.

#hebrew#hebrew#israel#telaviv#languagelearning#learn languages#learnhebrew#learnhebrew#hebrewlanguage#lovelanguage#language#languages#ivrit"
3378751330749650403,2,52,Comment below if you're serving at a @wordoflife camp this summer!ğŸ‘‡,,2024-05-29 09:02:49-0700,Comment below if you're serving at a @wordoflife camp this summer!ğŸ‘‡
3374848498078023600,181,37828,"Mama's so cuteğŸ¥ºğŸ’›âœ¨

.
.
.

[Deepika Padukone, deepika padukone pregnant, baby bump, deepika ranveer, bollywood actresses, trending Instagram reels, viral reels, celebrity fashion, style trends, exclusive deepika padukone]",,2024-05-23 23:51:50-0700,"Mama's so cuteğŸ¥ºğŸ’›âœ¨

.
.
.

[Deepika Padukone, deepika padukone pregnant, baby bump, deepika ranveer, bollywood actresses, trending Instagram reels, viral reels, celebrity fashion, style trends, exclusive deepika padukone]"
3341094446827799941,70,4518,"Back to the land ğŸ‡®ğŸ‡± 
Via  @westsidegravy
â€¢
#westsidegravy #rap #drill #ukdrill #spurs #thfc #jews #hebrewtattoo #jewish",,2024-04-07 10:05:17-0700,"Back to the land ğŸ‡®ğŸ‡± 
Via  @westsidegravy
â€¢
#westsidegravy #rap #drill #ukdrill #spurs #thfc #jews #hebrewtattoo #jewish"
3367264979709171498,126,3914,Tel Aviv Israel Independence Day VIBES TONIGHT ğŸ‡®ğŸ‡±ğŸ’™ #Israel #independenceday #tonight,,2024-05-13 12:42:52-0700,Tel Aviv Israel Independence Day VIBES TONIGHT ğŸ‡®ğŸ‡±ğŸ’™ #Israel #independenceday #tonight
3377851647675506455,8,79,Couples retreat @lexhareb ğŸ«’,,2024-05-28 03:15:16-0700,Couples retreat @lexhareb ğŸ«’
3374194405772268633,12,243,"To receive a blessing from Rav Arush on the occasion of Rabbi Shimon's Hilloula, 
please contact us at +972529532762. 
#lagbaomer #deliverance #light #fire #joy #faith #prayer #bringthemhomenow.",,2024-05-23 02:09:28-0700,"To receive a blessing from Rav Arush on the occasion of Rabbi Shimon's Hilloula, 
please contact us at +972529532762. 
#lagbaomer #deliverance #light #fire #joy #faith #prayer #bringthemhomenow."
3366755494281387034,504,146439,"à¤•à¤²à¤¯à¥à¤— ğŸ‘‡ğŸ¥ºğŸ¥ºğŸ™ğŸ™

#trending #trendingreels #explore #explorepageâœ¨ #rajasthaniqueenğŸ‘‘ #instagramreels",,2024-05-12 19:51:17-0700,"à¤•à¤²à¤¯à¥à¤— ğŸ‘‡ğŸ¥ºğŸ¥ºğŸ™ğŸ™

#trending #trendingreels #explore #explorepageâœ¨ #rajasthaniqueenğŸ‘‘ #instagramreels"
3374267441439879506,10,131,"×œ×™× ×•×™ ×—×‘×¨×” ×©×œ ×–×™×•: @linoy.shturman 
×–×™×•×™ ×”×›×¨×ª×™ ××•×ª×š ×œ×¤× ×™ ×‘×¢×¨×š ×—××© ×©× ×™× ×“×¨×š ×™× ××™ ×•×× ×™ ××•×“×” ×¢×œ ×›×œ ×¨×’×¢ ×©×–×›×™×ª×™.
××”×¨×’×¢ ×”×¨××©×•×Ÿ ×”×›× ×¡×ª ××•×ª×™ ×œ×¢×‘×•×“ ××™×ª×š ×‘×‘×™×‘×™×‘×™ ×•×“××’×ª ×œ×™ ×©× ×œ×”×›×œ ×•×‘×”×›×œ ×ª××™×“ , 
×›×œ ××™×¨×•×¢ ×©×”×™×” ×œ×›× ×‘××©×¤×—×” ×”×ª×¨×’×©× ×• ×•×—×™×›×™× ×• ×œ×• ×¨×§ ×›×“×™ ×©×™×”×™×” ×œ× ×• ×¢×•×“ ×–××Ÿ ×‘×™×—×“ ×›××• ×”×‘×ª ××¦×•×•×” ×©×œ ×‘×ª ×“×•×“×” ×©×œ×›× ×©×”×œ×•×•××™ ×•×™×›×œ×ª×™ ×œ×©×—×–×¨ ××•×ª×” ×©×•×‘ ×•×©×•×‘ ×•×©×•×‘
×™×›×œ×ª×™ ×ª××™×“ ×œ×“×‘×¨ ××™×ª×š ×¢×œ ×”×›×œ ×•×™×“×¢×ª ×œ×”×’×™×“ ××ª ×”××™×œ×” ×”×›×™ ××“×•×™×§×ª ×‘×–××Ÿ ×”×›×™ × ×›×•×Ÿ 
×ª××™×“ ×”×™×™×ª×™ ××¡×ª×›×œ×ª ×¢×œ×™×™×š ×•× ×“×”××ª ××›××” ×©××ª ×“×•××’×ª ×œ×›×•×œ×, ××—×‘×¨×ª ×‘×™×Ÿ ×›×•×œ×, ×“×•××’×ª ×©××£ ××—×“ ×œ× ×™×©××¨ ×‘×¦×“ ×•×’×•×¨××ª ×œ×›×œ ××—×“ ×œ×”×¨×’×™×© ×©×”×•× ××¨×›×– ×”×¢× ×™×™× ×™× ×•×”×¢×•×œ× ×‘×××ª ×©×× ×™ ×œ× ×™×•×“×¢×ª ××™×š ×ª××™×“ ×”×¦×œ×—×ª ×œ×¢×©×•×ª ××ª ×–×” ×›×œ ×›×š ××•×©×œ×
×”×™×œ×“×” ×”×›×™ ××•×¤×˜×™××™×ª ×•×××’× ×˜×ª ××ª ×›×•×œ× ×¢× ×”×—×™×•×š ×©×œ×š ×©×”×•× ×”×›×™ ×××›×¨ ×©×™×©
×œ××“×ª×™ ×××š ×›×œ ×›×š ×”×¨×‘×” ×•×”×›×œ ×™×œ×š ××™×ª×™ ×œ×›×œ ×”×—×™×™×
×›×œ ×”×–××Ÿ ×“×™×‘×¨×ª ××™×ª×™ ×¢×œ ×œ×˜×•×¡ ×œ××™×‘×™×–×” ×‘×§×™×¥ ×”×§×•×“× ×× ×™ ××ª × ×™×‘ ×•×™× ××™ ×•×”×™× ×” ×‘×¢×–×¨×ª ×”×©× ×‘×§×™×¥ ×× ×™ ×•×™× ××™ × ×’×©×™× ××ª ×”×—×œ×•× ×”×–×” ×•××ª ×›××•×‘×Ÿ ×ª×”×™ ××™×ª× ×• ×‘×›×œ ×¨×’×¢ 
××ª ×—×¡×¨×” ×œ× ×• ×•× ×“××’ ×œ×”××©×™×š ×œ×”× ×¦×™×— ××•×ª×š ×ª××™×“ ×× ×™ ××•×”×‘×ª ××•×ª×š â¤ï¸â€ğŸ©¹",,2024-05-23 04:34:06-0700,"Linoy Ziv's friend: @linoy.shturman 
Ziv I met you about five years ago through Yanai and I am grateful for every moment I had.
From the first moment you brought me to work with you at Bibibi and you took care of me there for everything and always in everything, 
Every event you had in the family we were excited and waited for it just so we could have more time together like your cousin's bat mitzvah which I wish I could recreate again and again and again
I could always talk to you about everything and you knew how to say the most accurate word at the right time 
I would always look at you and be amazed at how much you take care of everyone, connect everyone, make sure that no one is left out and make everyone feel like they are the center of things and the world really, I don't know how you always managed to do it so perfectly
The most optimistic girl and magnetizes everyone with your most addictive smile
I learned so much from you and everything will go with me for life
You kept talking to me about flying to Ibiza last summer. I speak Viennese and Hina. With God's help, this summer I'm Viennese. We will make this dream come true and of course you will be with us every moment. 
We miss you and will make sure to continue to commemorate you always. I love you â¤ï¸â€ğŸ©¹"
3377994833017782010,52,215,"××” ×™×”×™×” ğŸ˜±
.
.
.
.
.

 

 #××•×’×•×¡×˜2024 #××•×’×•×¡×˜ #×—×•×¤×©×ª×§×™×¥ #××××‘×¨×©×ª #××××‘×œ×•×’×¨×™×ª #××××‘×¡×˜×™×™×œ",,2024-05-28 08:01:12-0700,"What will happen ğŸ˜±
.
.
.
.
.

 

 #August2024 #August #summervacation #mothernetwork #motherblogger #motherstyle"
3376893507312966767,523,22442,F O R E V E R ğŸ’,,2024-05-26 19:31:37-0700,F O R E V E R ğŸ’
3376192680739110679,1,262,"MISS LALISA?!?!!! ğŸ˜»ğŸ«¶ğŸ¼
.
.
.
â€§â‚ŠËš â˜ï¸â‹…â™¡ğ“‚ƒ à£ª Ö´Ö¶ âœ§Ë–Â°. â‹†ï½¡ï¾Ÿâ˜ï¸ï½¡â‹†ï½¡ ï¾Ÿâ˜¾ ï¾Ÿï½¡â‹† âœ§Ëš à¼˜ â‹†ï½¡â™¡Ëš
á°”á©š #ë¸”ë™í•‘í¬ë¦¬ì‚¬ #lloud #ë¦¬ì‚¬ #lalisa
#ë¸”ë™í•‘í¬ #Lisa #ì¼€ì´íŒ #blackpink á°”á©š",,2024-05-25 20:19:12-0700,"MISS LALISA?!?!!! ğŸ˜»ğŸ«¶ğŸ¼
.
.
.
â€§â‚ŠËš â˜ï¸â‹…â™¡ğ“‚ƒ à£ª Ô´Ô¶ âœ§Ë–Â°. â‹†ï½¡ï¾Ÿâ˜ï¸ï½¡â‹†ï½¡ ï¾Ÿâ˜¾ ï¾Ÿï½¡â‹† âœ§Ëš à¼˜ â‹†ï½¡â™¡Ëš
á°”á©š #Blackpink Krisa #lloud #Lisa #lalisa
#blackpink #Lisa #Kpop #blackpink á°”á©š"
3370159183789543879,5996,3,"Worldâ€™s shortest woman, Jyoti Amge, stands tall beside The Great Khali, proving that greatness comes in all sizes

ğŸ“¸:- @thegreatkhali 

#khali #jyoti #sr",,2024-05-17 12:32:12-0700,"Worldâ€™s shortest woman, Jyoti Amge, stands tall beside The Great Khali, proving that greatness comes in all sizes

ğŸ“¸:- @thegreatkhali 

#khali #jyoti #sr"
3306928058249212370,17,453,"Anti-Israel haters are usually also anti facts!

FACT: There has never been an Arab State called Palestine, and historically when people referred to Palestine they were talking about the Jewish homeland.

Iâ€™m sorry this doesnâ€™t coincide with your antisemitic narrative! 

Stand with the truth! Stand with humanity â˜®ï¸ğŸ‡®ğŸ‡±

-> @antisemitismtoday 

#antisemitismus #antisemitism #antisemitismtoday #palestine #israel #standwithhumanity #standwithisrael",,2024-02-20 05:42:46-0800,"Anti-Israel haters are usually also anti facts!

FACT: There has never been an Arab State called Palestine, and historically when people referred to Palestine they were talking about the Jewish homeland.

Iâ€™m sorry this doesnâ€™t coincide with your antisemitic narrative! 

Stand with the truth! Stand with humanity â˜®ï¸ğŸ‡®ğŸ‡±

-> @antisemitismtoday 

#antisemitismus #antisemitism #antisemitismtoday #palestine #israel #standwithhumanity #standwithisrael"
3374160635625145270,109,1145,Sisters 7/10 ğŸ˜”ğŸ•¯âœ¡ï¸ğŸ‡®ğŸ‡±,,2024-05-23 01:01:53-0700,Sisters 7/10 ğŸ˜”ğŸ•¯âœ¡ï¸ğŸ‡®ğŸ‡±
3377233816194397503,3,200,"Lâ€™dor Vâ€™dor, from generation to generation, from our ancestors to our parents, Jewish identity is something to be proud of and passed down.

Hear why some Club Z (@zionismforteens) teens wear their Magen Davids!

Club Z creates a network of educated teens who advocate for themselves, Israel, and the Jewish people.

#WhyIWearMyMagen",,2024-05-27 06:47:45-0700,"Lâ€™dor Vâ€™dor, from generation to generation, from our ancestors to our parents, Jewish identity is something to be proud of and passed down.

Hear why some Club Z (@zionismforteens) teens wear their Magen Davids!

Club Z creates a network of educated teens who advocate for themselves, Israel, and the Jewish people.

#WhyIWearMyMagen"
3378810873835863481,0,3,".
check highlights for more
.
.
.
.
.
#viral #trending #explore #explorer",,2024-05-29 11:01:05-0700,".
check highlights for more
.
.
.
.
.
#viral #trending #explore #explorer"
3369808081678892520,11,1438,"×”×’×œ×•×™×” ×”×™×•××™×ª. ×›×¨××œ ×’×ª, ×‘×ª 40 ×•×™×•×.",,2024-05-17 00:54:09-0700,"The daily postcard. Carmel Gat, 40 years old."
3351677912618116249,390,37755,"â€â€âšœï¸ ğ‘ğ‘’ğ‘¤ ğ¶ğ‘œğ‘™ğ‘™ğ‘’ğ‘ğ‘¡ğ‘–ğ‘œğ‘› âšœï¸

â€â€ğ‘¤ğ‘ğ‘¤ ğ¹ğ‘ğ‘ â„ğ‘–ğ‘œğ‘› || ÙˆØ§Ùˆ ÙØ§Ø´Ù† 

â€â€â€Ù„Ù„Ø·Ù„Ø¨ Ø¹Ø¨Ø± Ø§Ù„Ø®Ø§ØµğŸ“©ğŸ“©

â€â€â€Ø§Ù„Ù…Ù‚Ø§Ø³Ø§Øª : 

â€â€â€Ø¨Ø§Ù„Ø­Ø±ÙˆÙ (Â  ğ‘  , ğ‘š , ğ‘™ , ğ‘¥ğ‘™ , ğ‘¥ğ‘¥ğ‘™ ) 
â€â€â€Ø¨Ø§Ù„Ø£Ø±Ù‚Ø§Ù… ( 1,2,3,4,5)

.
.

.
.

#foryou #fyp #reels #trending #capcut #Ø´Ø¹Ø± #Ù…Ø¯Ø­ #ØºØ²Ù„  #Ø§Ù‚ØªØ¨Ø§Ø³Ø§Øª #fashion #fashionblogger #fashionstyle",,2024-04-22 00:33:28-0700,"âšœï¸

ğ‘¤ğ‘ğ‘¤ ğ¹ğ‘ğ‘ â„ğ‘–ğ‘œğ‘› || Wow fashion 

To order via private message ğŸ“©ğŸ“©

Sizes: 

In letters ( ğ‘  , ğ‘š , ğ‘™ , ğ‘¥ğ‘™ , ğ‘¥ğ‘¥ğ‘™ ) 
In numbers (1,2,3,4,5)

.
.

.
.

#foryou #fyp #reels #trending #capcut #poetry #praise #spinning #quotes #fashion #fashionblogger #fashionstyle"
3377730994553948105,81,3780,"Daily reminder for @gantzbe - they are still not home!
ğŸ— // â€¼ï¸
Â ×ª×–×›×•×¨×ª ×™×•××™×ª ×œ @gantzbe, ×”× ×¢×“×™×™×Ÿ ×œ× ×‘×‘×™×ª!",,2024-05-27 23:15:33-0700,"Daily reminder for @gantzbe - they are still not home!
ğŸ— // â€¼ï¸
Â Daily reminder to @gantzbe, they're not home yet!"
3377719493828255178,205,10008,"Daily reminder for @gantzbe , she is still not home!

×ª×–×›×•×¨×ª ×™×•××™×ª ×œ @gantzbe , ×”×™× ×¢×“×™×™×Ÿ ×œ× ×‘×‘×™×ª!

#bringbibasback
#bringthemhomenow",,2024-05-27 22:52:42-0700,"Daily reminder for @gantzbe, she is still not home!

Daily reminder to @gantzbe, she's not home yet!

#bringbibasback
#bringthemhomenow"
3378235761330958974,4,193,,,2024-05-28 16:03:23-0700,
3376455333231014474,0,268,"ğŸ‡¹ğŸ‡·ğŸ•ŒğŸˆBest Time in Turkiye 9 à¸§à¸±à¸™ 7 à¸„à¸·à¸™  à¸šà¸´à¸™ TURKISH AIRLINES (TK)ğŸˆOptionâ—ï¸ à¸‚à¸¶à¹‰à¸™à¸šà¸­à¸¥à¸¥à¸¹à¸™ âœ…à¸à¸±à¸ 4 à¸”à¸²à¸§âœ…à¸šà¸´à¸™à¸•à¸£à¸‡à¹„à¸¡à¹ˆà¹à¸§à¸°à¹€à¸›à¸¥à¸µà¹ˆà¸¢à¸™à¹€à¸„à¸£à¸·à¹ˆà¸­à¸‡ğŸ’°à¹€à¸£à¸´à¹ˆà¸¡ 38,879 à¸šà¸²à¸— #à¹€à¸—à¸µà¹ˆà¸¢à¸§à¸à¸°à¹‚à¸¡à¹‰byHijAbPop #à¹„à¸›à¸•à¸¸à¸£à¹€à¸„à¸µà¸¢à¸•à¹‰à¸­à¸‡à¹„à¸›à¸à¸±à¸šà¸®à¸´à¸ˆà¸²à¸šà¸›à¹Šà¸­à¸› #à¹€à¸—à¸µà¹ˆà¸¢à¸§à¸—à¸±à¹ˆà¸§à¹‚à¸¥à¸à¸à¸±à¸šà¹€à¸—à¸µà¹ˆà¸¢à¸§à¸à¸°à¹‚à¸¡à¹‰byHijabpop #hijabpoptravel #à¹€à¸—à¸µà¹ˆà¸¢à¸§à¸à¸°à¹‚à¸¡à¹‰

ğŸ”˜à¸—à¸²à¸‡à¹„à¸›à¸ˆà¸­à¸‡-à¸—à¸±à¸à¹€à¸à¸ˆ: http://m.me/Hijabpop 
ğŸ”˜à¸—à¸²à¸‡à¹„à¸›à¸ˆà¸­à¸‡-à¸—à¸±à¸à¹„à¸¥à¸™à¹Œ: https://lin.ee/BLJVGtm

ğŸ‡¯ğŸ‡µğŸ‡«ğŸ‡·ğŸ‡¨ğŸ‡­ğŸ‡®ğŸ‡³ğŸ‡¹ğŸ‡·ğŸ‡»ğŸ‡³ à¸­à¸¢à¸²à¸à¹„à¸›à¹€à¸—à¸µà¹ˆà¸¢à¸§à¸›à¸£à¸°à¹€à¸—à¸¨à¹„à¸«à¸™à¸šà¸­à¸à¹€à¸£à¸²à¹„à¸”à¹‰à¹€à¸¥à¸¢..à¸¡à¸µà¸—à¸¸à¸à¸›à¸£à¸°à¹€à¸—à¸¨à¸—à¸±à¹ˆà¸§à¹‚à¸¥à¸

ğŸŒ Website: www.à¹€à¸—à¸µà¹ˆà¸¢à¸§à¸à¸°à¹‚à¸¡à¹‰.com 
ğŸŒ FB : www.facebook.com/Hijabpop 
ğŸŒ IG: www.instagram.com/Hijabpop 

âœˆï¸à¹€à¸—à¸µà¹ˆà¸¢à¸§à¸à¸°à¹‚à¸¡à¹‰ by â€œHijabpoptravel- Travel with Faith & Passionâ€

â‡ï¸ à¹€à¸¥à¸‚à¸—à¸µà¹ˆà¹ƒà¸šà¸­à¸™à¸¸à¸à¸²à¸• à¸—à¸—à¸—. / TAT License: 11/08386

#hijabpoptravel 
#hijabpoptravel2024 
#HijAbPop 
#HijAbPopTouR 
#à¸—à¸±à¸§à¸£à¹Œà¸®à¸´à¸à¸²à¸šà¸›à¹Šà¸­à¸› 
#à¸—à¸±à¸§à¸£à¹Œà¸®à¸´à¸ˆà¸²à¸šà¸›à¹Šà¸­à¸› 
#à¸—à¸±à¸§à¸£à¹Œà¸¡à¸¸à¸ªà¸¥à¸´à¸¡à¸®à¸´à¸ˆà¸²à¸šà¸›à¹Šà¸­à¸› 
#à¸—à¸±à¸§à¸£à¹Œà¸¡à¸¸à¸ªà¸¥à¸´à¸¡à¸®à¸´à¸à¸²à¸šà¸›à¹Šà¸­à¸›
#à¹€à¸—à¸µà¹ˆà¸¢à¸§à¸à¸°à¹‚à¸¡à¹‰byHijAbPop
#hijabpopineurope
#HijabpopinTurkey
#Istanbul
#turkey
#à¸—à¸±à¸§à¸£à¹Œà¸•à¹ˆà¸²à¸‡à¸›à¸£à¸°à¹€à¸—à¸¨
#à¹à¸à¹‡à¸„à¹€à¸à¸ˆà¸—à¸±à¸§à¸£à¹Œà¸•à¹ˆà¸²à¸‡à¸›à¸£à¸°à¹€à¸—à¸¨
#à¸—à¸±à¸§à¸£à¹Œà¸•à¹ˆà¸²à¸‡à¸›à¸£à¸°à¹€à¸—à¸¨à¸—à¸±à¹ˆà¸§à¹‚à¸¥à¸
#à¸•à¸¸à¸£à¹€à¸„à¸µà¸¢
#à¸—à¸±à¸§à¸£à¹Œà¸•à¸¸à¸£à¸à¸µ
#à¸•à¸¸à¸£à¸à¸µ
#à¹€à¸—à¸µà¹ˆà¸¢à¸§à¸•à¸¸à¸£à¸à¸µ
#à¸—à¸±à¸§à¸£à¹Œà¸•à¸¸à¸£à¸à¸µà¸„à¸¸à¸“à¸ à¸²à¸
#à¸—à¸±à¸§à¸£à¹Œà¸•à¸¸à¸£à¹€à¸„à¸µà¸¢",,2024-05-26 05:01:03-0700,"ğŸ‡¹ğŸ‡·ğŸ•ŒğŸˆBest Time in Turkiye 9 days 7 nights flying TURKISH AIRLINES (TK)ğŸˆOptionâ—ï¸ Hot air balloon ride âœ…4 star stayâœ…Direct flight, no stopping to change planesğŸ’°Starting at 38,879 baht #TravelKamobyHijAbPop #Going to Turkey, you have to go with Hijab Pop. #Travel around the world with travel and bragging byHijabpop #hijabpoptravel #travelingwithbragging

ğŸ”˜Way to reserve - message the page: http://m.me/Hijabpop 
ğŸ”˜Way to reserve - contact Line: https://lin.ee/BLJVGtm

ğŸ‡¯ğŸ‡µğŸ‡«ğŸ‡·ğŸ‡¨ğŸ‡­ğŸ‡®ğŸ‡³ğŸ‡¹ğŸ‡·ğŸ‡»ğŸ‡³ If you want to travel to any country, just tell us..there are all countries around the world.

ğŸŒ Website: www.tiewkamo.com 
ğŸŒ FB : www.facebook.com/Hijabpop 
ğŸŒ IG: www.instagram.com/Hijabpop 

âœˆï¸Travel with Kamo by â€œHijabpoptravel- Travel with Faith & Passionâ€

â‡ï¸ TAT License Number / TAT License: 11/08386

#hijabpoptravel 
#hijabpoptravel2024 
#HijAbPop 
#HijAbPopTouR 
#hijabpop tour 
#Hijab Pop Tour 
#Muslim Hijab Pop Tour 
#Muslim Hijab Pop Tour
#TravelingwithHijAbPop
#hijabpopineurope
#HijabpopinTurkey
#Istanbul
#turkey
#Foreign tours
#Foreign tour packages
#International tours around the world
#Turkey
#Turkey tour
#Turkey
#Travel to TÃ¼rkiye
#Quality TÃ¼rkiye Tour
#Turkey Tour"
3363695672052070564,28,208,"What's Chavrusa Tumult, you ask? Let me try to explain ğŸ‘‡

First, what's a chavrusa? A chavrusa is a study partner. Talmudic and other Rabbinic studies are traditionally done in pairs of two. That way true comprehension can be achieved via dialog and discussion, known as ""hondeling"".

Why the ""tumult""?

Beth Medrash Govoha is the largest Talmudic Studies Yeshiva in the US. Young men flock there to study, most often after spending a year or two in Israel, post high-school. 

In order to find the best ""chavrusa"", study partner, a kind of ""chavrusa marketplace"" takes place at the commencement of each semester. It is there and then that each individual seeks out another eligible ""match"" with whom to study with. 

Matches are made based on common subjects to study, compatibility, which sub-group to join and more.

This takes place outdoors, weather permitting, usually over the course of two or three days, and is definitely a sight to see. 

Spare me the hateful comments, nobody cares. TIA

Â¤

#BMG #lakewood #lakewoodnj #litvak #litvakseries #yeshivish #litvaks #yeshiva #candidlens #candidcamera #candidphotography #candidstreetphotography #streetphotographer #streetphotography #street_photography #street_photographer #ig_street #hasid #hasidic #hasidim #hasidicgram #hasidicgarb #hasidiclife #hasidicstreetphotography #jewishlife #hasidseries #lensculture #streetleaks #chavrusa #chavrusatumult",,2024-05-08 14:45:06-0700,"What's Chavrusa Tumult, you ask? Let me try to explain ğŸ‘‡

First, what's a chavrusa? A chavrusa is a study partner. Talmudic and other Rabbinic studies are traditionally done in pairs of two. That way true comprehension can be achieved via dialog and discussion, known as ""hondeling"".

Why the ""tumult""?

Beth Medrash Govoha is the largest Talmudic Studies Yeshiva in the US. Young men flock there to study, most often after spending a year or two in Israel, post high-school. 

In order to find the best ""chavrusa"", study partner, a kind of ""chavrusa marketplace"" takes place at the commencement of each semester. It is there and then that each individual seeks out another eligible ""match"" with whom to study with. 

Matches are made based on common subjects to study, compatibility, which sub-group to join and more.

This takes place outdoors, weather permitting, usually over the course of two or three days, and is definitely a sight to see. 

Spare me the hateful comments, nobody cares. TIA

Â¤

#BMG #lakewood #lakewoodnj #litvak #litvakseries #yeshivish #litvaks #yeshiva #candidlens #candidcamera #candidphotography #candidstreetphotography #streetphotographer #streetphotography #street_photography #street_photographer #ig_street #hasid #hasidic #hasidim #hasidicgram #hasidicgarb #hasidiclife #hasidicstreetphotography #jewishlife #hasidseries #lensculture #streetleaks #chavrusa #chavrusatumult"
3378025367854681151,11,821,×¨×•××™×? ×’× ×œ× ×• ×™×© 669 ğŸ˜‰,,2024-05-28 09:00:26-0700,See? We also have 669 ğŸ˜‰
3376194230827692565,253,17896,This is us #family ğŸ™â¤ï¸,,2024-05-25 20:22:17-0700,This is us #family ğŸ™â¤ï¸
3377950865612244895,3,41,"×××©×—×§ ×‘×—×¥ ×•×§×©×ª ×œ× ×™×ª×•×— ×§×¨× ×™×ª

×¤', ×™×œ×“ ××¢×œ ×’×™×œ 10, ×©×™×—×§ ×‘×‘×™×ª×• ×‘×—×¥ ×•×§×©×ª ××•×ª×• ××™×¨×’×Ÿ ×œ×›×‘×•×“ ×œ""×’ ×‘×¢×•××¨. ×•×‘×˜×¢×•×ª ×›××©×¨ ×©×™×—×§, ××©×š ××ª ×”×—×¥ ×›×œ×¤×™ ×¤× ×™×, ×‘××§×•× ×›×œ×¤×™ ×—×•×¥, ×•×”×—×¥ - × ×›× ×¡ ×œ×¢×™×Ÿ. ××‘×™×• ×©×œ ×¤' ×¡×™×¤×¨: ""×”××™×¨×•×¢ ×”×§×©×” ×©×‘× ×™× ×• ×¢×‘×¨, ×™×›×œ ×‘×¢""×” ×œ×”×™×× ×¢ ×× ×”××©×—×§ ×”×™×” ××ª×§×™×™× ×‘×¦×•×¨×” ×™×•×ª×¨ ×‘×˜×™×—×•×ª×™×ª. ×”×–×“×× ×•×ª ×©×œ× ×• ×œ×”×•×“×•×ª ×œ×”', ×¢×œ ×× ×ª×— ××§×¦×•×¢×™ ×•×¨×’×™×© ×©×–×›×™× ×•, ×“""×¨ ×™×©×™ ×•×™×™×œ ×©×™×—×™'. ×’× ×§×“× ×”× ×™×ª×•×—, ×•×œ××—×¨×™×•, ×“""×¨ ×•×™×™×œ ×œ×™×•×•×” ××•×ª× ×• ×‘××›×¤×ª×™×•×ª, ×‘×œ×‘×‘×™×•×ª ×•×‘××§×¦×•×¢×™×•×ª"".

×“""×¨ ×™×©×™ ×•×•×™×™×œ, ×¨×•×¤× ×¢×™× ×™×™×™× ×•××•××—×” ×œ× ×™×ª×•×—×™ ×§×¨× ×™×ª: ""×× ×™ ×§×•×¨× ×œ×”×•×¨×™×, ×œ×”×™×× ×¢ ××œ×”×›× ×™×¡ ××©×—×§×™× ×—×“×™× ×œ×‘×™×ª, ×•×× ×›×‘×¨ ××©×—×§×™× ×‘××©×—×§ ×›××• ×—×¥ ×•×§×©×ª, ×œ×•×•×“× ×©×”×•× ×™×”×™×” ×¨×š ×•××—×•××¨×™× ×¢×“×™× ×™×, ×•×œ×”×©×ª××© ×‘××©×§×¤×™ ××’×Ÿ. ×•× ×©××¨×ª× ×œ× ×¤×©×•×ª×™×›×"".

×¨×§ ×‘×¨×™××•×ª!",,2024-05-28 06:32:25-0700,"From archery to corneal surgery

P., a boy over the age of 10, was playing at home with a bow and arrow that he organized in honor of LJ Ba'Omer. And by mistake when he was playing, he pulled the arrow inward, instead of outward, and the arrow entered his eye. P.'s father said: ""The difficult event that our sons went through , could have been avoided if the game had been held in a safer manner. Our opportunity to thank God for the professional and sensitive surgeon we were blessed with, Dr. Yishai Weil Shichi. Even before the surgery, and after it, Dr. Weil accompanied us with care, cordiality and professionalism.""

Dr. Yishai Weil, ophthalmologist and specialist in corneal surgery: ""I urge parents to avoid bringing sharp games into the house, and if they are already playing a game like archery, make sure it is soft and made of delicate materials, and use protective glasses. And you were saved for your souls.""

Only Health!"
3353511387064439360,47,3344,"Passover Tacos ğŸŒ®

Looking for a delicious and nutritious meal for Passover?

Try out these tacos! Follow the @thejewishfitnesscoach for more simple recipes like this.

Hereâ€™s what youâ€™ll need:

Ingredients
- Onions
- Mince beef
- Garlic powder
- Paprika
- Salt
- Pepper
- Tomato paste
- Matzah
- Eggs
- Fillings of your choice (e.g., peppers, spring onions)

Instructions

1. Start by sautÃ©ing onions in a pan until golden brown.

2. Add your choice of ground meat to the pan and cook until browned.

3. Season the meat with garlic powder, paprika, salt, pepper, and tomato paste. Allow it to cook and add some hot water to the pan to keep it moist.

4. While the meat is cooking or once cooked, prepare the taco base by whisking up an egg and allowing the matzah to relax for a few minutes.

5. Add the matzah to the pan and cook for a few minutes, flipping it occasionally until itâ€™s cooked through.

6. Transfer the cooked matzah to your taco station and cut off the edges to create a round base.

7. Now itâ€™s time to get creative! Load up your tacos with the cooked meat mixture and your favorite toppings, such as peppers and spring onions.

8. Finish off with a sprinkle of salt for extra flavor.

9. Enjoy your delicious Passover tacos!",,2024-04-24 13:16:49-0700,"Passover Tacos ğŸŒ®

Looking for a delicious and nutritious meal for Passover?

Try out these tacos! Follow the @thejewishfitnesscoach for more simple recipes like this.

Hereâ€™s what youâ€™ll need:

Ingredients
- Onions
- Mince beef
- Garlic powder
- Paprika
- Salt
- Pepper
- Tomato paste
- Matzah
- Eggs
- Fillings of your choice (e.g., peppers, spring onions)

Instructions

1. Start by sautÃ©ing onions in a pan until golden brown.

2. Add your choice of ground meat to the pan and cook until browned.

3. Season the meat with garlic powder, paprika, salt, pepper, and tomato paste. Allow it to cook and add some hot water to the pan to keep it moist.

4. While the meat is cooking or once cooked, prepare the taco base by whisking up an egg and allowing the matzah to relax for a few minutes.

5. Add the matzah to the pan and cook for a few minutes, flipping it occasionally until itâ€™s cooked through.

6. Transfer the cooked matzah to your taco station and cut off the edges to create a round base.

7. Now itâ€™s time to get creative! Load up your tacos with the cooked meat mixture and your favorite toppings, such as peppers and spring onions.

8. Finish off with a sprinkle of salt for extra flavor.

9. Enjoy your delicious Passover tacos!"
3377888819653480402,128,5304,"××ª×›×•× × ×™× ×œ×‘×’×¨×•×™×•×ª? ×œ××©×¨×“ ×”×—×™× ×•×š ×™×© ××©×”×• ×—×©×•×‘ ×œ××¡×•×¨ ×œ×›× ğŸ“š ×ª×©×“×™×¨ ×©×™×¨×•×ª ××©× ×ª 1990

×œ×¢×•×“ ×”××•×Ÿ ×××ª×§×™ ××¨×›×™×•×Ÿ ×‘×•××• ×œ×‘×™×• ×•×œ×›××Ÿ BOX âœ¨
#×›××Ÿ_××¨×›×™×•×Ÿ #× ×•×¡×˜×œ×’×™×”",,2024-05-28 04:30:32-0700,"Preparing for graduation? The Ministry of Education has something important to give you ğŸ“š service broadcast from 1990

For lots more archive sweets come to bio and here BOX âœ¨
#here_archive #nostalgia"
3375032330891101061,1,77,"Each obstacle we face is a testament to our perseverance, a chapter in the story of our resilience.

#chabadlubavitch #chabad #torah #torahstudy #torahlife #synagogue #judaism #inspirationalwords",,2024-05-24 05:53:48-0700,"Each obstacle we face is a testament to our perseverance, a chapter in the story of our resilience.

#chabadlubavitch #chabad #torah #torahstudy #torahlife #synagogue #judaism #inspirationalwords"
3378264754500370300,93,2108,"Yesterday was such an emotional day for me, I had the huge honor go meet the children that were kidnapped into Gaza, it was so surreal, I have prayed so much for them to come out, to come back to their families and here they are in front of me. Shlomi Ezra the father of Heleni has planned this entire trip for them and unfortunately the incident with Heleni has happened and he wasnâ€™t able to help with the trip as he had planned to, the Rabbi, Abraham Atar (most amazing Rabbi that does so much for so many people I canâ€™t even describe!) instead of letting the plan for the trip fall through has decided to continue and do it. And he did. He brought the kidnapped and their families over 130 people for a week of fun. I feel such a zchut to have been able to be there, to have been able to see again Shlomiâ€™s heart, after everything that he is going though in his personal life, to dedicate the time and go to see them. Shlomi doesnâ€™t come out of the hospital much, and to do this , is huge. It shows his huge heart and his immense faith in hashem. Thank you shlomi for allowing me to be there. ğŸ™ğŸ»",,2024-05-28 16:58:43-0700,"Yesterday was such an emotional day for me, I had the huge honor go meet the children that were kidnapped into Gaza, it was so surreal, I have prayed so much for them to come out, to come back to their families and here they are in front of me. Shlomi Ezra the father of Heleni has planned this entire trip for them and unfortunately the incident with Heleni has happened and he wasnâ€™t able to help with the trip as he had planned to, the Rabbi, Abraham Atar (most amazing Rabbi that does so much for so many people I canâ€™t even describe!) instead of letting the plan for the trip fall through has decided to continue and do it. And he did. He brought the kidnapped and their families over 130 people for a week of fun. I feel such a zchut to have been able to be there, to have been able to see again Shlomiâ€™s heart, after everything that he is going though in his personal life, to dedicate the time and go to see them. Shlomi doesnâ€™t come out of the hospital much, and to do this , is huge. It shows his huge heart and his immense faith in hashem. Thank you shlomi for allowing me to be there. ğŸ™ğŸ»"
3375634528036146531,10,361,"VÃ¤lkommen tillbaka till Stockholm och VÃ¤rtahamnen, Baltic Princess! ğŸ‘‹ FrÃ¥n den 3 juni kan du kryssa med Baltic Princess frÃ¥n Stockholm till Ã…bo. Kanske vill du ta med bilen pÃ¥ resan och upptÃ¤cka sommarens pÃ¤rlor pÃ¥ destinationen? ğŸš—â˜€ï¸ 

Oavsett vilken resa du gÃ¶r sÃ¥ finns det massor att gÃ¶ra ombord! Bruncha, basta eller shoppa loss ğŸ›ï¸ğŸ¥ FÃ¶r vÃ¥ra yngsta gÃ¤ster tipsar vi om Summer Center - ett extra lekland nu under sommaren! Boka sommarens skÃ¶naste resa redan idag! ğŸ™Œ",,2024-05-25 01:51:33-0700,"Welcome back to Stockholm and VÃ¤rtahamnen, Baltic Princess! ğŸ‘‹ From June 3 you can cruise with Baltic Princess from Stockholm to Turku. Maybe you want to take the car on the trip and discover the gems of the summer at the destination? ğŸš—â˜€ï¸ 

No matter which trip you take, there is plenty to do on board! Brunch, baste or go shopping ğŸ›ï¸ğŸ¥ For our youngest guests, we recommend the Summer Center - an extra playground now during the summer! Book the summer's most beautiful trip today! ğŸ™Œ"
3375890630552135743,38,1643,"×‘×¦×§ ×¢×œ×™× ××”×™×¨ ×œ×‘×•×¨×§×¡ - ×œ×–×›×¨ ×™××™×¨ ×›×”×Ÿ ×–×´×œ
×œ×‘×¦×§:
200 ×’×¨× ×§××— ×§×¨
160 ×’×¨× ×—×××” ×—×ª×•×›×” ×œ×§×•×‘×™×•×ª ×•×§×¨×”
109 ×’×¨× ××™ ×§×¨×—
×›×¤×™×ª ××œ×—
××•×¤×Ÿ ×”×”×›× ×”:
*×œ×¤× ×™ ×©××ª×—×™×œ×™× ×©×™××• ×œ×‘ ×©×—×©×•×‘ ×××•×“ ×œ×¢×‘×•×“ ××”×¨ ×•×œ×¢×‘×•×“ ×›×©×”×‘×¦×§ ×§×¨ ×•×”×—×•××¨×™× ×œ×‘×¦×§ ×§×¨×™×, ×‘×¢×™×§×¨ ×‘×ª×§×•×¤×ª ×”×§×™×¥.
1.×—×•×ª×›×™× ×—×××” ×œ×§×•×‘×™×•×ª ×•×©××™× ×‘×§×¢×¨×” ×‘××§×¤×™× ×œ×›××” ×“×§×•×ª. 2.×‘××™×§×¡×¨ ×¢× ×•×• ×’×™×˜×¨×” ××• ×œ×™×©×” ×©××™× ×§××— ×©×™×¦× ××”××§×¨×¨, ××ª ×§×•×‘×™×•×ª ×”×—×××” ×•××™ ×§×¨×—. ×œ×©×™× ×›××” ×©×¤×—×•×ª ×××© ×¢×“ ×œ×©× ×™×” ×©×”×›×œ ××ª××—×“ ×œ×’×•×© ××—×“. ××•×¦×™××™× ××™×“ ××ª ×”×‘×¦×§ ××©×˜×—×™× ×œ××œ×‘×Ÿ ×§×˜×Ÿ, ×¢×•×˜×¤×™× ×•××›× ×™×¡×™× ×œ××§×¤×™× ×œ×¢×©×¨×™× ×“×§×•×ª ×œ×¤×—×•×ª.
3.××§××—×™× ××©×˜×— ×•××•×¦×™××™× ××ª ×”×‘×¦×§ ××”× ×™×™×œ×•×Ÿ. ××§××—×™× ×’× ××ª ×”×‘×¦×§ ×•××¨×“×“×™× ×¢× ××¢×¨×•×š ××ª ×”×‘×¦×§ ×œ××œ×‘×Ÿ ×‘××•×¨×š ×©×œ ×‘×¢×¨×š 40 ×¡×´×.
4.××§×¤×œ×™× ××ª ×”×‘×¦×§ ×œ×§×™×¤×•×œ ×©×œ×•×© ×›××• ×¡×¤×¨: ××ª ×©×œ×™×© ×”×—×œ×§ ×”×ª×—×ª×•×Ÿ ××§×¤×œ×™× ×¢×“ ×œ×××¦×¢ ×”×‘×¦×§ ×•×¢×œ×™×• ××ª ×”×©×œ×™×© ×”×¢×œ×™×•×Ÿ ×›×š ×©××ª×§×‘×œ ×©×œ×•×© ×©×›×‘×•×ª ×©×œ ×‘×¦×§.
5.××¡×•×‘×‘×™× ××ª ×”×‘×¦×§ ×›×œ ×©×”×—×œ×§ ×”×¡×’×•×¨ ×¤×•× ×” ×œ×¦×“ ×™××™×Ÿ ×•××¨×“×“×™× ×©×•×‘ ×œ××œ×‘×Ÿ ×‘××•×¨×š 20*15 ×•×©×•×‘ ××‘×¦×¢×™× ××ª ××•×ª×• ×§×™×¤×•×œ. ×¢×•×˜×¤×™× ×•××›× ×™×¡×™× ×œ××§×¤×™× ×œ×¢×©×¨×™× ×“×§×•×ª × ×•×¡×¤×•×ª.
6.×—×•×–×¨×™× ×¢×œ ×¤×¢×•×œ×ª ×”×§×™×¤×•×œ ×¨×§ ×¤×¢× × ×•×¡×¤×ª, ×¢×•×˜×¤×™× ×•××›× ×™×¡×™× ×œ××§×¨×¨ ×œ×¢×©×¨ ×“×§×•×ª.
7.××¨×“×“×™× ××ª ×”×‘×¦×§ ×œ×¨×™×‘×•×¢ ×¢×œ ×’×‘×™ × ×™×™×¨ ××¤×™×™×” ××§×•××— ×¢×“ ×œ×¢×•×‘×™ ×©×œ ×¡×´×. ×—×•×ª×›×™× ×•××—×œ×§×™× ××ª ×”×‘×¦×§ ×œ××¨×‘×¢ ×¢× ×¡×›×™×Ÿ ×’×“×•×œ×” ×•××›× ×™×¡×™× ××ª ×”×ª×‘× ×™×ª ×œ××§×¤×™× ×œ×¢×©×¨ ×“×§×•×ª.
8. ×©××™× ××œ×™×ª ×œ×‘×•×¨×§×¡ ×‘××¨×›×– ×›×œ ×¨×™×‘×•×¢, ×× ×™ ×©××ª×™ ×’×‘×™× ×ª ×—××“ ××’×•×¨×“×ª. ××§×¤×œ×™× ××ª ×”×§×¦×” ×œ××©×•×œ×©, ×•××¢×˜ ×œ×•×—×¦×™×.
9.××•×¨×—×™× ×‘×‘×™×¦×” ×•××¤×–×¨×™× ×©×•××©×•× ×•××›× ×™×¡×™× ××ª ×”×ª×‘× ×™×ª ×œ××§×¨×¨.
10.××—×××™× ×ª× ×•×¨ ×œ200 ××¢×œ×•×ª. ×›×©×”×ª× ×•×¨ ×—× ××›× ×™×¡×™× ××ª ×”×‘×•×¨×§×¡×™× ×œ20-2) ×“×§×•×ª.
××¢×™×™×Ÿ, ××©×ª×• ×©×œ ×™××™×¨ ×–×´×œ ×›×•×ª×‘×ª:
×™××™×¨. ×›×©××• ×›×Ÿ ×”×•×, ×‘×›×œ ××§×•× ×××™×¨ ×•××¤×™×¥ ××ª ×”×˜×•×‘, ×”× ×ª×™× ×” ×•×”×¢× ×•×•×” ×©×œ×•. 
×™××™×¨ ×”×¦×˜×™×™×Ÿ ×‘×›×œ ×ª×—×•× ×‘×—×™×™×•, ×‘×œ×™××•×“×™×, ×‘×¢×‘×•×“×” ×•×‘×¦×‘×. ×‘×›×œ ××§×•× ×¨××• ×•×”×¢×¨×™×›×• ××ª ×›××” ×©×”×•× ××™×•×—×“. ×›×œ ××“× ×©×¤×’×© ××•×ª×• ×××¨ ×©×™××™×¨ ×”×¦×œ×™×— ×œ×”×©×¤×™×¢ ×¢×œ×™×• ×œ×˜×•×‘×” ×¨×§ ×‘×–×›×•×ª ××‘×˜ ×§×˜×Ÿ, ×œ×œ× ××™×œ×™×. 
×™××™×¨ ×”×•× ×”×“×•×’×× ×œ×´×¢×•×¦××” ×‘×©×§×˜×´, ×ª××™×“ ××•×‘×™×œ ×‘×§×•×¨ ×¨×•×—, ×‘×™×˜×—×•×Ÿ ×•×©×œ×•×•×” ×¤× ×™××™×ª. 
×™××™×¨ ×”×•×ª×™×¨ ××—×¨×™×• ×”×•×¨×™ ×•××—×™× ××•×”×‘×™×, ×•××ª ××¢×™×™×Ÿ ××©×ª×•, ×©×œ×”× ×”×™×™×ª×” ××”×‘×” ×™×•×¦××ª ×“×•×¤×Ÿ, ××—×ª ×©×œ× ×¨×•××™× ×‘××’×“×•×ª.  ×‘×›×œ ××§×•× ××¢×™×™×Ÿ ×•×™××™×¨ ×–×” ××—×“. ×”×™× ×××•×“ ×¨×•×¦×” ×œ×”× ×¦×™×— ×•×œ×©××¨ ××ª ×”×“×¨×š ×•×”×˜×•×‘ ×©×œ ×™××™×¨ ×‘×¢×•×œ×. ×•×›×š × ×¤×ª×— ×”×¢××•×“ ×œ×–×›×¨×• ×‘×¢×–×¨×ª ×”××©×¤×—×” ×•×”×—×‘×¨×™×
@remember_yaircohen",,2024-05-25 10:19:54-0700,"Quick puff pastry for Borax - in memory of the late Yair Cohen
For the dough:
200 grams of cold flour
160 grams of butter cut into cubes and cold
109 grams of ice water
Teaspoon of salt
Preparation:
*Before you start, note that it is very important to work quickly and work when the dough is cold and the ingredients for the dough are cold, especially during the summer.
1. Cut butter into cubes and put in a bowl in the freezer for a few minutes. 2. In a mixer with a guitar hook or a kneader, put flour that came out of the refrigerator, the cubes of butter and ice water. Put as little as possible right up until the second everything comes together into one block. Immediately roll out the dough into a small rectangle, wrap it and put it in the freezer for at least twenty minutes.
3. Flour a surface and remove the dough from the plastic. Flour the dough as well and roll the dough with a rolling pin into a rectangle about 40 cm long.
4. Fold the dough into three folds like a book: fold the bottom third to the middle of the dough and top it with the top third so that you get three layers of dough.
5. Turn the dough so that the closed part is facing the right side and roll it again into a 20x15 rectangle and again make the same fold. Wrap and put in the freezer for another twenty minutes.
6. Repeat the folding operation just one more time, wrap and put in the refrigerator for ten minutes.
7. Roll the dough into a square on floured baking paper to a thickness of cm. Cut and divide the dough into four with a large knife and put the mold in the freezer for ten minutes.
8. Put a borax filling in the center of each square, I put grated Hamad cheese. Fold the edge into a triangle, and press a little.
9. Spread with egg and sprinkle with sesame seeds and put the mold in the refrigerator.
10. Heat the oven to 200 degrees. When the oven is hot, put the borax in for 2-20 minutes.
Maayan, the wife of the late Yair writes:
Yair As his name is, everywhere he shines and spreads his goodness, giving and humility. 
Yair excelled in every area of â€‹â€‹his life, in his studies, at work and in the army. Everywhere you see and appreciate how special he is. Every person who met him said that Yair was able to influence him in a positive way only thanks to a small look, without words. 
Yair is the example of ""power in silence"", always leading with composure, confidence and inner peace. 
Yair left behind loving parents and brothers, and Ma'ayan his wife, theirs was an extraordinary love, one not seen in fairy tales.  Everywhere Maayan and Yair is one. She really wants to perpetuate and preserve Yair's way and goodness in the world. And so the page was opened in his memory with the help of family and friends
@remember_yaircohen"
3377995064887345322,0,33,"×¢×•×“ ××”×˜×•×‘ ×©×œ ×©×’×¨×™×¨×™ LEAD
×¨×—×œ ××™×™×–×™×§ ×•×”×™×œ×” ×‘×Ÿ ×©×œ×•×©, ×©×’×™×¨×•×ª ×©× ×” ××³
××•×‘×™×œ×•×ª ××ª ××™×–× ×´ × ×¤×’×©×™× ×¢×œ ×”×“×¨×š×´!
× ×•×¡×¢×™× ×‘×¨×›×‘×ª ×‘×™×•× ×—××™×©×™ ×”×§×¨×•×‘?
××•×–×× ×™× ×œ×§×—×ª ×—×œ×§ ×¤×¢×™×œ ×•×œ×”×©×ª×ª×£ ×‘×©×™×— ×¢× ×©××¨ ×”× ×•×¡×¢×™× ×•××™×ª× ×• , ×‘××™×–× ××™×•×—×“ ×©×•×‘×¨ ××—×™×¦×•×ª ×•×‘×œ×ª×™ × ×©×›×—!!
×œ××¢×Ÿ ××—×“×•×ª×™× ×•!
@nifgashim_al_haderech",,2024-05-28 08:00:00-0700,"More of the best from LEAD ambassadors
Rachel Isaac and Hila, three years old, living in the first year
Leading the project ""meeting on the road""!
Traveling by train this Thursday?
You are invited to take an active part and participate in a conversation with the other passengers and with us, in a special project that breaks down barriers and is unforgettable!!
For our unity!
@nifgashim_al_haderech"
3374040122209309488,39,7785,"The Full Flower Moon in Libra tonight ğŸŒ•ğŸŒ¸
Although I obtained a lot of data from several lenses that can get me a super detailed image of tonightâ€™s Moon, I chose to share this single shot to keep things simple and bring you how the Moon almost looks like when looking at it from binoculars or a telescope. 
I will be sharing more content from the data that i captured tonight in the future.
Enjoy! 
#flowermoon 
#moon 
#fullMoon",,2024-05-22 21:02:27-0700,"The Full Flower Moon in Libra tonight ğŸŒ•ğŸŒ¸
Although I obtained a lot of data from several lenses that can get me a super detailed image of tonightâ€™s Moon, I chose to share this single shot to keep things simple and bring you how the Moon almost looks like when looking at it from binoculars or a telescope. 
I will be sharing more content from the data that i captured tonight in the future.
Enjoy! 
#flowermoon 
#moon 
#fullMoon"
3376656858968461904,104,1955,Congratulations to our new chapter and regional boards around the Order! ğŸ‘ We can't wait to see all the amazing things you'll accomplish together. âœ¨ #leadership,,2024-05-26 11:41:28-0700,Congratulations to our new chapter and regional boards around the Order! ğŸ‘ We can't wait to see all the amazing things you'll accomplish together. âœ¨ #leadership
3367143164848732034,10,3,"ğŸ‡®ğŸ‡± A view over the heart of the Holy Land.
Via @thehistoryguy

#israel #holyland #geography",,2024-05-13 08:40:09-0700,"ğŸ‡®ğŸ‡± A view over the heart of the Holy Land.
Via @thehistoryguy

#israel #holyland #geography"
3377467499676614161,127,12968,"Follow us @astro.voyagers for more ğŸ‘ Physical patterns in the universe are a result of the interactions between fundamental forces, inherent symmetries in physical laws, and conservation principles. Additionally, systems tend to self-organize, and the initial conditions of the universe played a role in setting the stage for the patterns we observe today. Over time, both deterministic and chaotic dynamics shape these patterns, giving rise to the intricate structures we see in space.

Via @spaceinnutshell 
#physicsclass #physicsfacts #physicslovers #physicslover #physicsfun #physicsstudent #physicsfact #physicsfacts #theoryofeverything #theoryofrelativity #stringtheory #understandlife #understandinglife #quantumtheory #quantummechanics #quantumfield #astronomyfacts #astrofacts #spacefacts #spacetheory",,2024-05-27 14:32:02-0700,"Follow us @astro.voyagers for more ğŸ‘ Physical patterns in the universe are a result of the interactions between fundamental forces, inherent symmetries in physical laws, and conservation principles. Additionally, systems tend to self-organize, and the initial conditions of the universe played a role in setting the stage for the patterns we observe today. Over time, both deterministic and chaotic dynamics shape these patterns, giving rise to the intricate structures we see in space.

Via @spaceinnutshell 
#physicsclass #physicsfacts #physicslovers #physicslover #physicsfun #physicsstudent #physicsfact #physicsfacts #theoryofeverything #theoryofrelativity #stringtheory #understandlife #understandinglife #quantumtheory #quantummechanics #quantumfield #astronomyfacts #astrofacts #spacefacts #spacetheory"
3377950558785346269,0,55,"In our Bâ€™nei Mitzvah Era âœ¡ï¸âœ¨

#birthright #birthrightisrael #gotailormade #jerusalem
ğŸ“¸ maohcana",,2024-05-28 06:31:48-0700,"In our Bâ€™nei Mitzvah Era âœ¡ï¸âœ¨

#birthright #birthrightisrael #gotailormade #jerusalem
ğŸ“¸ maohcana"
3375896852635333721,15,1038,#BringThemHomeNow ğŸ—ğŸ—ğŸ—,,2024-05-25 10:31:27-0700,#BringThemHomeNow ğŸ—ğŸ—ğŸ—
3376599029666975121,178,5854,"Greek Jewish Fest part 1 at @kkjnyc  with @koshadillz and so many @jews_of_ny !! ğŸ—½ğŸ—½

Did you know there are Jews in Greece ğŸ‡¬ğŸ‡·and NYC is home to the only jewish greek synagogue in the entire western hemisphere???!!

ğŸ¥ @matthewkylelevine 
ğŸ‘©â€ğŸ’» @nat.torn",,2024-05-26 09:52:41-0700,"Greek Jewish Fest part 1 at @kkjnyc  with @koshadillz and so many @jews_of_ny !! ğŸ—½ğŸ—½

Did you know there are Jews in Greece ğŸ‡¬ğŸ‡·and NYC is home to the only jewish greek synagogue in the entire western hemisphere???!!

ğŸ¥ @matthewkylelevine 
ğŸ‘©â€ğŸ’» @nat.torn"
3375073416681883108,72,3506,"×©×‘×ª ×©×œ×•× ××œ××›×™×ª ×©×œ×™ 
×”×™×¤×” ×‘×¢×•×œ× 
×©× ×” ×©×œ××” ×©×œ ×©×‘×ª×•×ª ×‘×œ×¢×“×™×™×š
××—×•×ª×š ××ª×’×¢×’×¢×ª ×‘×›×œ × ×©×™××” ğŸ’”ğŸ’”ğŸ’”â¤ï¸â€ğŸ©¹â¤ï¸â€ğŸ©¹â¤ï¸â€ğŸ©¹",,2024-05-24 07:15:25-0700,"Shabbat shalom my angel 
The most beautiful in the world 
A whole year of Sabbaths without you
I miss your sister with every breath ğŸ’”ğŸ’”ğŸ’”â¤ï¸â€ğŸ©¹â¤ï¸â€ğŸ©¹â¤ï¸â€ğŸ©¹"
3378797176514040916,70,2701,All eyes on Hashem ğŸ‡®ğŸ‡±â¤ï¸,,2024-05-29 10:33:52-0700,All eyes on Hashem ğŸ‡®ğŸ‡±â¤ï¸
