3350608950220382835,54,8144,âœŠğŸ»âœŠğŸ¼âœŠğŸ¾âœŠğŸ¿,"Photo by Omar Kbiri on April 20, 2024. May be a graphic of poster and text that says 'IFYOUARE NEUTRAL IN SITUATIONS OF INJUSTICE Î¼Î¿Ï… HAVE CHOSEN THE SIDE THE OPPRESSOR. DESMOND TUTU'."
3359599892253801478,79,985,"Shabbat Shalom, my beautiful beautiful people!!! Be strong and courageous. ....Am Israel!!! ğŸ’™âœ¡ï¸ğŸ’™ğŸ‡®ğŸ‡± what's your plans this Shabbat?

#shabbat 
#shabbatshalom","Photo by Ramon Dennis on May 02, 2024. May be an image of text that says 'y à¶œ HABBA B 1 SHALOM KLOM'."
3344071835354993583,613,29494,"This week, my great-grandma, Lily Ebert, a 100-year-old Auschwitz survivor, became a great-great-grandma.

â€œI never expected to survive the Holocaust. Now I have five beautiful generations. The Nazis did not win!â€

From near-death at Auschwitz to five generations of Jewish life.

#MazalTov #AmYisraelChai

Source: @dovforman","Photo shared by Humans of Judaism on April 11, 2024 tagging @dovforman. May be an image of 2 people, baby, turban and head covering."
3376123371383189951,485,7040,Thoughts on thisğŸ’§,"Photo by Astronomy on May 25, 2024. May be an image of map, globe, poster, magazine, body of water and text that says 'All of Earth's water in a single sphere The World's Water'."
3360595334382665238,621,210397,"ğŸ¥ @agababadoner

Karadut Åerbetinin YapÄ±lÄ±ÅŸÄ±nÄ± NasÄ±l Buldunuz ?DoÄŸal ve ferahlatÄ±cÄ± bir karadut ÅŸerbetiyle yanÄ±nda sÄ±cacÄ±k et dÃ¼rÃ¼m dÃ¶ner ğŸ˜‹

#karadutÅŸerbeti #karadut #iÃ§ecek #iÃ§ecektarifi #drink #meyve #meyvesuyu #nasÄ±lyapÄ±lÄ±r #eniyirestaurant #aÄŸababadÃ¶ner #bestdrink #bestfood #meyveler#reklam",
3347640576092935515,18,353,"ğŸ”¶ Tutorial ğŸ©·âœ¨
ğŸ”¸
#portrait #art #sketch #artist #painter #design #Rabbi #menachemmendelschneerson #jews #israel #chabad #jewishart #chabadart #judaism #hasidism #graphicarts #jewishart770 #Ğ»ÑĞ±Ğ°Ğ²Ğ¸Ñ‡ĞµÑĞºĞ¸Ğ¹Ñ€ĞµĞ±Ğµ #Ğ¿Ğ¾Ñ€Ñ‚Ñ€ĞµÑ‚ #Ğ°ĞºĞ²Ğ°Ñ€ĞµĞ»ÑŒ #Ñ…Ğ°Ğ±Ğ°Ğ´ #judaicaart #×›×™×¡×•×™ ×¨××©",
3378174033574453329,22,3,"Please gatekeep your nail tech ğŸ™

-

Credit: account remixed with",
3376677253621479531,0,57,"Thank you Omaha Rapid Respose for hosting a celebration of life picnic for those affected by the 4/26 tornado and the approx,â€ 14k volunteers who helped. Itâ€™s a miracle that no lives were lost that day. Thanks also to Heartland Hope and Hy-Vee.",
3377782513532997410,0,3,"just a cat on a dumpster. 
But he looks like a tiger in the jungle.",
3366938286973599962,361,410294,Go Deep into the Factory to See the production Secret of Pink Eyeshadow#beauty#factory#oem#indiemakeup#labelitcosmetics#eyeshadow#pipeline,
3365945070610468950,256,11243,"So proud of Eden for what she accomplished on and off the stage. She is such an example of courage and composure. I love you,Eden. 
#edengolan #eurovision #wewilldanceagain",
3370373456552116949,1,122,"This is FIVE!

Five.

#birthdayboy #five #fiveyearsold",
3377811447067238992,54,875,"×“×’ ×‘×•×¨×™ ××˜×•×’×Ÿ ×œ×¦×“ ××˜×‘×œ ××¨×™×¡×”âœ¨

××ª ×”×“×’ ×”×–×” ××× ×©×œ×™ ××›×™× ×” ×§×‘×•×¢ ×‘×—×’ ×©×‘×•×¢×•×ª .
×•×œ××” ? ×›×™ ××¦×œ×™× ×• ×œ× ×›×•×œ× ××•×”×‘×™× ×—×œ×‘×™
×‘×¢×™×§×¨ ×”××‘×•×’×¨×™× ×™×•×ª×¨
××– ×‘×©×•×œ×—×Ÿ ×”×—×’ ×ª××™×“ ×™×”×™×• ×œ× ×• ×× ×•×ª ×“×’ ×œ×¦×“ ×× ×•×ª ×—×œ×‘×™×•×ª ×—×’×™×’×™×•×ª

××¦×¨×›×™×:
6 ×¤×™×œ×” ×“×’ ×‘×•×¨×™ ×™×©×¨××œ×™ ×˜×¨×™ ×—×ª×•×š ×œ×§×•×‘×™×•×ª ×’×¡×•×ª ×œ×œ× ×¢×•×¨

×œ×‘×œ×™×œ×ª ×”×§××—-
2 ×›×•×¡×•×ª ×§××—
××œ×—
×¤×œ×¤×œ
×›×¤×™×ª ×¤×¤×¨×™×§×” ×’×¨×•×¡×”

×œ×‘×œ×™×œ×ª ×”×‘×™×¦×™×-
4 ×‘×™×¦×™×
×—×¦×™ ×¦×¨×•×¨ ×›×•×¡×‘×¨×” ×§×¦×•×¦×” 
××œ×—
×¤×œ×¤×œ

××•×¤×Ÿ ×”×›× ×”:
× ×¢×¨×‘×‘ ××ª ×›×œ ××¨×›×™×‘×™ ×”×§××— ×™×—×“ ×•× ×¦×¤×” ××ª ×›×œ ×”×“×’×™× ×”×™×˜×‘
× ×¢×‘×™×¨ ×œ×‘×œ×™×œ×ª ×”×‘×™×¦×™× ×•× ×˜×’×Ÿ ×‘×©××Ÿ ×—×¦×™ ×¢××•×§ ×¢×“ ×œ×”×–×”×‘×” ×™×¤×” ××©× ×™ ×”×¦×“×“×™×.

×œ××˜×‘×œ-
×—×¦×™ ×¦×¨×•×¨ ×›×•×¡×‘×¨×” ×˜×¨×™×™×”
4 ×©×™× ×™ ×©×•× ×›×ª×•×©×•×ª
×›×£ ×’×“×•×©×” ××¨×™×¡×”
××œ×—
×›×¤×™×ª ×›××•×Ÿ
×¨×‘×¢ ×›×•×¡ ×—×•××¥
×¨×‘×¢ ×›×•×¡ ×©××Ÿ
×—×¦×™ ×›×•×¡ ××™×

× ×¢×¨×‘×‘ ×”×™×˜×‘ ×•× ×’×™×© ×œ×¦×“ ×”×“×’×™× ×•×¤×¨×•×¡×•×ª ×œ×™××•×Ÿ ×˜×¨×™×•×ª

×‘×ª××‘×•×Ÿ ×•×—×’ ×©××—ğŸ«¶ğŸ»â¤ï¸

×‘×©×™×ª×•×£ @israelifreshfish 
#×“×’×™×©×¨××œ×™×˜×¨×™",
3378117133513102595,98,20224,××•×§×™×™ ××•×“,
3348791492540581199,655,88773,"Caszh vibes ftw. Wamiqa Gabbi seen at a production office in Santacruz for a meeting
.
#voompla #bollywood #wamiqagabbi",
3373864281388087795,462,155737,ğŸ’œ @bvlgari #BvlgariThailand #Bvlgari #BvlgariHighJewelry #EternallyReborn #BvlgariAeterna,
3354092614814301495,72,76645,ğŸ•Šï¸ğŸ¤âœ¨,
3366695682005754749,16,19252,"Kallalo daagi unnaa.. 
.
.
.
.
.
.
#telugusong 
#lovesong 
#statusvideo 
#lyricedit 
#instagram 
#reelitfeelit",
3374325507039493933,41,888,"××—×ª ×”×”×•×“×¢×•×ª ×©×× ×™ ××§×‘×œ×ª ×”×›×™ ×”×¨×‘×” ×× ×¤×’×¢×™ ×•× ×¤×’×¢×•×ª ×¤×’×™×¢×” ××™× ×™×ª ×–×” ×©×”× ×‘×××ª ×œ× ×”×××™× ×• ×©××¤×©×¨ ×œ×—×™×•×ª ×—×™×™× ×˜×•×‘×™×, ×©×œ××™× ×•×©×œ×•×•×™× ××—×¨×™ ×”×¤×’×™×¢×” ×•×¨×§ ××—×¨×™ ×©×©××¢×• ××ª ×”×¤×•×“×§××¡×˜ ×©×œ×™ ×”× ×’×™×œ×• ×©×™×© ×“×¨×š ××—×¨×ª. ××– ×× ×’× ××ª/×” ×—×•×•×™×ª× ××ª ×–×” - ×× ×™ ×›××Ÿ ×›×“×™ ×œ×”×’×™×“ ×œ×›×: ×™×© ×“×¨×š ××—×¨×ª. ×™×© ×“×¨×š ×œ×—×™×™× ××“×”×™××™× ×’× ××—×¨×™ ×¤×’×™×¢×”. ×¤×¨×§ 38 ×‘×¤×•×“×§××¡×˜ ×©×œ×™ ×´× ×¤×© ×œ×•×—××ª×´ ×–××™×Ÿ ×œ×”××–× ×” ×‘×›×œ ×¤×œ×˜×¤×•×¨××•×ª ×”×¤×•×“×§××¡×˜.",
3352669448509680442,262,502922,"Bunny Milk in the pink containers ğŸ˜±ğŸ©·!! 
Only a limited amount of peep scented milkyskin will be available Saturday at 2pm CST ğŸ°â˜ºï¸

#viral #explorepage #trending #explore #instagram #tiktok #love #like #follow #instagood #likeforlikes #memes #popular #followforfollowback #lotion #viralvideos #lfl #photography #likes #viralpost #milkyskin  #instadaily #lotion #skincare #model #cute #k #skin #foryou #beauty #milkymist",
3378039015004803494,95,3243,"Letâ€™s raise the frequency 
#alleyesonrafa

#unwomenforallwomen @unwomen_forallwomen",
3377246724996496310,119,6536,"Beautifully said. 
@sephardicsoul",
3377300954451885588,1,9,"Honoring the brave souls who gave their all for our freedom. Today commemorates all of those who lost their lives defending this country. This Memorial Day, we remember their sacrifice and cherish their legacy.",
3377737732643123893,26,879,"Daily reminder for @gantzbe , they are still not home!
ğŸ— // â€¼ï¸
Â ×ª×–×›×•×¨×ª ×™×•××™×ª ×œ @gantzbe ×”× ×¢×“×™×™×Ÿ ×œ× ×‘×‘×™×ª!

#bringthemhome #bringthemhomenow 
@bringhomenow 
@bringthemhome23",
3378123652141578978,8,996,Credit @diplo.act #bringthemhomenow #bringthemhome #realesethehostagesnow,
3377683450230871207,5,46,,
3377730994553948105,81,3780,"Daily reminder for @gantzbe - they are still not home!
ğŸ— // â€¼ï¸
Â ×ª×–×›×•×¨×ª ×™×•××™×ª ×œ @gantzbe, ×”× ×¢×“×™×™×Ÿ ×œ× ×‘×‘×™×ª!",
3378131705448034029,28,2786,Holding space for the eyeball community during this very difficult time ğŸ˜”ğŸ™ğŸ»,
3324123176496620051,4219,378528,"PeeCeeâ€™s in Mumbaaaai! Everyone was kinda expecting to see her at the Jam-glam-Nagar extravaganza but she gave that a miss. Strutting into a luxe mall in BKC for a store launch!
FOLLOW ğŸ‘‰ @voompla
INQUIRIES ğŸ‘‰ @ppbakshi
.
#voompla #bollywood #priyankachopra",
3361791899561308849,0,81,"×³Jude - ×–×›×¨× ×—×§×•×§ ×‘×œ×™×‘× ×•×³
×œ×–×›×¨ × ×¡×¤×™ ×”×©×•××”
Jude - Their memory is engraved in our hearts
Holocaust Remembrance Day 2024 
.
.
.
.
#holocaust #×™×•××”×©×•××” #××™×•×¨×™×©×¨××œ×™ #illustration #illustrationartists #heart #heartdrawing #jude #jewish #holocaustremembranceday #sigaluna",
3376524416505077577,148,7272,"Ù…ØºØ²Ù… Ú©Ù„ Ø±ÙˆØ²ğŸ˜®â€ğŸ’¨ğŸª©:

Song: @artmiross @poo_bon 

.

#Ø¯Ù†Ø³ #Ø¢Ø±ØªØ§ #Ù¾ÙˆØ¨ÙˆÙ†",
3377967022367646422,178,25045,× ×‘×“×§ ××“×¢×™×ª,
3378125944244669379,0,526,"In case you didnâ€™t know:
You could fit all the planets between the Earth and the Moon

The average distance from the Earth to the Moon is 384,400 km. And check it out, that leaves us with 4,392 km to spare.

So what could we do with the rest of that distance? Well, we could obviously fit Pluto into that slot. Itâ€™s around 2,300 km across. Which leaves us about 2,092 km to play with. We could fit one more dwarf planet in there (not Eris though, too big).
Via @astronovation",
3369121643856396691,104,30406,"Tag that girl â¤
Follow @sreeleelas_.world
.
(support needed) hit a â¤ï¸ and comments must
.
Please support and do follow @sreeleelas_.world
.
sá´›sÊ á´›á´œÊ€É´á´‡á´… Ò“á´Ê€ á´á´Ê€á´‡ á´›Ê€á´€á´„á´‹s.ÊŸÉªá´‹á´‡,á´„á´á´á´á´‡É´á´› á´€É´á´… á´˜ÊŸá´‡á´€sá´‡ á´…á´É´'á´› Ò“á´Ê€É¢á´‡á´› á´›á´ sÊœá´€Ê€á´‡
.
â­•á´›ÊœÉªs á´˜Êœá´á´›á´,á´ Éªá´…á´‡á´ á´Ê€ á´€á´œá´…Éªá´ Éªs É´á´á´› á´Ï‰É´á´‡á´… Ê™Ê á´Êsá´‡ÊŸÒ“
.
â­•á´›Êœá´‡ á´„á´á´˜ÊÊ€ÉªÉ¢Êœá´› á´„Ê€Éªá´…á´‡á´›s É¢á´á´‡s á´›á´ Ê€á´‡sá´˜á´‡á´„á´›Éªá´ á´‡ á´Ï‰É´á´‡Ê€s
.
â­•á´›ÊœÉªs á´ Éªá´…á´‡á´ Éªs á´˜á´œÊ€ÊŸÊ Ò“á´€É´ á´á´€á´…á´‡
.
â­•á´›ÊœÉªs á´ Éªá´…á´‡á´ Éªs É´á´á´› á´œsá´‡á´… Ò“á´Ê€ ÉªÊŸÊŸá´‡É¢á´€ÊŸ sÊœá´€Ê€ÉªÉ´É¢ á´€É´á´… á´˜Ê€á´Ò“Éªá´› á´á´€á´‹ÉªÉ´É¢
.
â­•É´á´ É´á´‡á´‡á´… á´›á´ Ê€á´‡á´˜á´Ê€á´› á´Ê€ sá´›Ê€Éªá´‹á´‡
.
Êœá´€sÊœá´›á´€É¢s
.
#whatsappstatus #telugulyrics #telugulyrical #lovevideos #statuswhatsapp #statusvideos #telugustatussongs #teluguwhatsappstatus #telugubgms #telugubgm #telugubeats #telugulovebeat #beatsheadphones #exploremore #telugustatus #explorepage #trending",
3377215979925491933,134,923,"Just over here living a life worthy of this Country and raising patriotic kids!! Our freedoms came at a price and we will always be grateful for those that sacrificed their lives so that we could be free-living in the greatest Country in the world! We will never take it for granted. Sending love and respect to all of our fallen soldiers and their families ğŸ™ğŸ½ğŸ‡ºğŸ‡¸ğŸ‡ºğŸ‡¸ğŸ‡ºğŸ‡¸
#memorialday #memorialdayweekend #usa #american #patriot #supportthemilitary #supportthetroops #fallensoldiers #americansoldier #somegaveall #lifelibertyandthepursuitofhappiness",
3378104811326185365,129,29489,"Forbes girls ğŸ’œğŸ’œ
@Hofitgolanofficial x @victoriabonya x #frobes 
Itâ€™s become at #cannesfilmfestival tradition to be celebrate the film festival with @forbes @forbes_fr 
Love how we matched the colours of our dresses without even planning. Thatâ€™s what happens after so many years for friendship!

ĞŸĞ¾ÑĞ»Ğµ ÑÑ‚Ğ¾Ğ»ÑŒĞºĞ¸Ñ… Ğ»ĞµÑ‚ Ğ´Ñ€ÑƒĞ¶Ğ±Ñ‹ Ñ Hofit Ñ Ğ´Ğ°Ğ¶Ğµ Ğ½Ğµ ÑƒĞ´Ğ¸Ğ²Ğ»ÑÑÑÑŒ Ñ‚Ğ¾Ğ¼Ñƒ, Ñ‡Ñ‚Ğ¾ Ğ¼Ñ‹ Ğ¿Ğ¾ÑÑ‚Ğ¾ÑĞ½Ğ½Ğ¾ ÑĞ¾Ğ²Ğ¿Ğ°Ğ´Ğ°ĞµĞ¼ Ñ†Ğ²ĞµÑ‚Ğ°Ğ¼Ğ¸ Ğ² Ğ¾Ğ´ĞµĞ¶Ğ´Ğµ, Ğ´Ğ°Ğ¶Ğµ Ğ½Ğµ ÑĞ³Ğ¾Ğ²Ğ°Ñ€Ğ¸Ğ²Ğ°ÑÑÑŒ â˜ºï¸ @@hofitgolanofficial @victoriabonya ğŸ’œğŸ’œ",
3372216126664790861,36,438,@aaisha_malik009,
3375911085620539365,39,3080,"itâ€™s the middle of exams rn ğŸ˜µâ€ğŸ’« // edit idea: me 
âœ¯ ğ’ğ’š ğ’’ğ’–ğ’‚ğ’ğ’Šğ’•ğ’š & ğ’„ğ’ğ’ğ’ğ’–ğ’“ğ’Šğ’ğ’ˆ ğ’Šğ’” ğ’Šğ’ ğ’ğ’š ğ’ƒğ’Šğ’ âœ¯

â”€â”€ â‹†â‹…â˜†â‹…â‹† â”€â”€

#blackpink #blackpinkedit #blackpinkedits #roseedit #rosÃ© #parkchaeyoung #rose #roseblackpink #jisoo #jisooedit #kimjisoo #jisooblackpink #jennie #jennierubyjane #jennieblackpink #jennieedit #lisa #lisaedit #lalisa #lisablackpink #lalisamanoban #kpop #Ø§ÙƒØ³Ø¨Ù„ÙˆØ± #explore #reels #jmnicty",
3375180523368536439,1034,412239,#keÅŸfetteyiz #bebek #reelsinstagram #reelsvideo #bebekresimleri #kesfet,
3372912890392765112,30,698793,"Not the best season for me personally, things didnâ€™t go as i planned, but i couldnâ€™t be prouder of the team iâ€™m part of. This group is amazing and weâ€™re showing that season after season. Now itâ€™s time to rest and prepare to be healthier next season. Weâ€™ll be back stronger and ready for it! Letâ€™s go, Gunners! ğŸ’ªğŸ¾ğŸ¤™ğŸ¾",
3373645805549620630,223,915,"Fit check ğŸ–¤ 

â€¢

â€¢

â€¢
#preppyoutfit #minimalfashionstyleinspo #minimalaesthetic #elevatedbasics #girlyoutfit #parisianchic #parisianstyle #oldmoneyaesthetic",
3373426302083189316,7,166,"ğŸ–¤

.
#aimankhan #aimanminal #sajalaly #sanajaved #cutegirls #islamabad #karachi #lahore #pakistani #love #fashion #pakistanifashion #multan",
3376551558708791613,0,3,"Did you know?
#viral #explore #beer",
3322298982552867488,33308,4521206,"3 min en scÃ¨ne VS 3 semaines de travail ğŸ¥µ

En arrivant Ã  lâ€™ @opera_comique jâ€™avais comme mission de trouver comment vieillir les deux solistes sur scÃ¨ne Ã  vue, lâ€™idÃ©e Ã©tait que plus le temps passe, plus les cheveux et poils poussent.
Il fallait trouver un moyen simple pour quâ€™ils puissent se mettre les perruques et postiches seuls sous le regard du public. AprÃ¨s beaucoup de rÃ©flexion et sous les conseils dâ€™ @amelie_lecul , nous avons optÃ© pour le systÃ¨me Ã  aimants. Chaque Ã©lÃ©ment vient sâ€™aimanter Ã  lâ€™autre de maniÃ¨re trÃ¨s simple. 
Mais, pour que tout soit simple visuellement, on sâ€™est heurtÃ© Ã  beaucoup de questionnements : Comment placer les aimants ? Combien ? Comment faire la jonction entre chaque postiche ? ..

Il a fallut 3 semaines de travail en atelier pour fabriquer ces Ã©lÃ©ments de vieillissement. Chaque perruque et postiches ont Ã©tÃ© fabriquÃ©s sur mesure pour notre soliste @stephane.degout, les couleurs ont Ã©tÃ© minutieusement rÃ©flÃ©chies, la coupe Ã©galement, tout a Ã©tÃ© pensÃ© pour quâ€™il puisse le plus simplement poser ces Ã©lÃ©ments sur lui, sans miroir. 

Un grand merci Ã  mon Ã©quipe dâ€™atelier, sans qui rien aurait Ã©tÃ© possible ! âœ¨
Perruque : @deborahwigmaker 
Barbe 1 :  @nell_cvr 
Toupet court : @artist_wig 
Barbe 2 : @corinne.blot.mua 
Toupet long : @charlenewigmakeup_ 
Barbe 3 : @___nnine___ 

Sans oublier @wysi_wig qui sâ€™est occupÃ© des postiches de @siobhanstagg, merci pour ton travail ğŸ«¶ğŸ»

Lâ€™autre Voyage de Schubert
Direction musicale RaphaÃ«l Pichon â€¢ Mise en scÃ¨ne et dÃ©cors Silvia Costa â€¢ Costumes Laura Dondoli â€¢ Avec StÃ©phane Degout, Siobhan Stagg, Laurence Kilsby, Chadi Lazreq â€¢ Orchestre et ChÅ“ur Pygmalion â€¢ ChÅ“ur dâ€™enfants MaÃ®trise Populaire de lâ€™OpÃ©ra-Comique",
3376779843352730992,205,3378,"Ariel Bibas ğŸ’”

Lag Baomer, 2023, Nir Oz. 

Exactly one year ago. 

#LetThemGoNow ğŸ—ï¸
Via @stateofisrael","Photo shared by Jewish Life NowÂ®ï¸ Created by Cindy Saltzman on May 26, 2024 tagging @stateofisrael. May be an image of 1 person, child, pie and picnic."
3375298107645958831,3,37,"Weâ€™re thrilled to announce the next episode of The Closet podcast, featuring the incredible Aton Ben-Horin! ğŸ¶âœ¨ Aton is the Global VP of A&R for Warner Music Group, overseeing labels like Atlantic Records and Warner Bros. Records. Heâ€™s also the owner of Plush Recording Studios, CEO of Plush Management LLC, and a founding partner of The Agency.

Join us for an intimate conversation about his journey, insights into the music industry, and much more. Donâ€™t miss this inspiring episode!

ğŸ§ Subscribe now and be the first to listen on Apple Podcasts, Spotify, or wherever you get your podcasts.

Stay tuned and follow @closet_podcast for updates!",
3374307120277799317,32,648,Short thoughts from our trip,
3375166055478801537,263,6974,"ğŸ•¯ï¸ğŸ•¯ï¸ #ShabbatShalom 
Video by: @hgeller120 for @ajc.global",
3355918088624108564,1362,3,"Delicious Glutinous Rice Ball .

Ini dia salah satu jajanan enak yang menggiurkan buat jadi menu cemilan kapan aja nih. Selain teksturnya lembut tapi juga empuk lagi .

Nah yang buat makin menarik dan juga menggiurkan soalnya ini didalamnya juga ada isian coklat didalamnya. Mantap dan menggiurkan sekali buat jadi menu cemilan enak .

___
Inspiring âœ¨
ğŸ“¹tik.tok/foodmaker168 #gelatina",
3377868852148002430,12,272,"×›×©××–×œ×–×œ×™× ×‘×›×, ×ª×”×™×• ×”×¦×¤×¨×“×¢ ğŸ¸
×¢×§×‘×• ××—×¨×™× ×• ×œ×¡×¨×˜×•× ×™× ×™×•××™×™× â¤ï¸

â€”â€”
#××•×˜×™×‘×¦×™×” #××•×˜×™×‘×¦×™×”ğŸ” #××•×˜×™×‘×¦×™×”×™×©×¨××œ #×”×©×¨××” #×”×©×¨××”×™×•××™×ª #×”×¢×¦××” #×”×¢×¦××”××™×©×™×ª #××©×¤×˜×™× #××©×¤×˜××—×“×‘×™×•× #×™×©×¨××œ #×™×©×¨××œ×™ #×™×©×¨××œ×™× #××•×¡×¨×”×©×›×œ",
